name_from,name_to,duration
1,2,1
1,3,32
1,30,4
1,32,1
1,36,12
1,42,4
1,44,5
1,101,1
1,123,2
1,132,4
1,135,2
1,146,4
1,159,2
1,161,5
1,211,5
1,255,3
1,281,1
1,302,3
1,312,58
1,323,1
1,397,1
1,477,13
1,652,2
1,856,1
1,1014,3
1,1271,8
1,1312,1
1,1440,2
1,1626,16
1,1655,1
1,1675,3
1,1779,1
1,1790,1
3,1,35
3,2,7
3,4,1
3,9,1
3,26,4
3,27,1
3,32,19
3,36,9
3,41,2
3,42,4
3,44,5
3,51,7
3,58,1
3,60,1
3,62,1
3,68,3
3,72,7
3,83,1
3,84,3
3,88,1
3,99,1
3,105,1
3,132,5
3,135,8
3,144,1
3,146,2
3,155,4
3,172,1
3,173,1
3,176,3
3,180,2
3,185,1
3,194,2
3,199,1
3,221,2
3,224,1
3,234,2
3,242,2
3,243,1
3,249,7
3,252,2
3,257,2
3,281,2
3,283,1
3,285,1
3,288,1
3,302,1
3,308,3
3,312,4
3,317,1
3,323,1
3,333,1
3,338,1
3,346,1
3,371,1
3,372,6
3,374,1
3,385,1
3,394,1
3,408,1
3,415,1
3,475,1
3,477,2
3,482,4
3,487,1
3,488,1
3,495,1
3,498,4
3,504,1
3,509,1
3,545,2
3,555,2
3,569,2
3,582,1
3,590,1
3,610,1
3,611,1
3,615,1
3,618,1
3,640,2
3,641,1
3,645,1
3,652,1
3,681,1
3,687,3
3,697,1
3,700,2
3,701,1
3,711,1
3,731,1
3,740,2
3,741,1
3,752,2
3,754,2
3,768,1
3,778,1
3,781,1
3,782,1
3,790,2
3,794,1
3,800,5
3,810,1
3,814,1
3,823,2
3,824,2
3,840,1
3,846,1
3,865,1
3,881,1
3,893,1
3,928,1
3,933,1
3,970,1
3,1042,1
3,1103,1
3,1110,3
3,1113,1
3,1117,1
3,1127,1
3,1154,2
3,1167,1
3,1180,1
3,1183,1
3,1185,2
3,1187,1
3,1189,2
3,1190,1
3,1192,1
3,1196,1
3,1208,1
3,1231,1
3,1237,2
3,1249,1
3,1262,1
3,1270,1
3,1281,1
3,1285,4
3,1288,1
3,1315,1
3,1317,2
3,1335,1
3,1340,2
3,1343,1
3,1344,1
3,1349,1
3,1352,1
3,1371,1
3,1373,1
3,1412,1
3,1415,1
3,1419,1
3,1440,3
3,1461,1
3,1463,1
3,1501,1
3,1510,2
3,1565,1
3,1577,4
3,1578,1
3,1585,1
3,1609,1
3,1620,1
3,1626,1
3,1649,1
3,1662,1
3,1711,1
3,1713,5
3,1728,1
3,1738,1
3,1748,1
3,1751,1
3,1784,1
3,1793,1
3,1795,1
3,1807,1
5,2,1
6,7,1
6,48,1
6,73,4
6,84,1
6,88,1
6,90,1
6,122,2
6,124,4
6,146,1
6,201,1
6,212,4
6,221,2
6,252,2
6,278,2
6,299,1
6,325,2
6,335,1
6,343,1
6,376,2
6,378,11
6,404,2
6,413,13
6,422,5
6,439,1
6,472,1
6,479,3
6,481,7
6,515,1
6,540,3
6,566,1
6,578,2
6,591,1
6,597,1
6,603,2
6,636,1
6,642,1
6,686,1
6,687,1
6,712,13
6,753,5
6,794,1
6,833,1
6,1020,1
6,1174,1
6,1180,2
8,7,1
8,9,6
8,19,1
8,23,1
8,32,8
8,58,1
8,84,1
8,99,3
8,164,2
8,250,2
8,254,3
8,346,2
8,349,1
8,395,1
8,403,1
8,430,1
8,557,1
8,624,1
8,644,4
8,771,2
8,834,4
8,1000,3
8,1189,1
8,1238,1
8,1285,3
8,1522,1
8,1756,2
8,1799,1
9,8,56
9,10,1
9,11,1
9,12,2
9,14,2
9,15,1
9,16,1
9,17,1
9,18,1
9,20,1
9,22,2
9,24,1
9,27,4
9,32,25
9,34,3
9,40,1
9,49,1
9,52,3
9,56,2
9,58,6
9,61,2
9,64,1
9,67,1
9,72,11
9,76,3
9,78,1
9,86,1
9,88,1
9,97,10
9,101,1
9,109,5
9,120,1
9,121,1
9,127,4
9,132,1
9,135,5
9,136,1
9,142,10
9,144,4
9,148,1
9,149,1
9,150,1
9,151,1
9,152,1
9,153,1
9,154,1
9,157,1
9,165,1
9,175,9
9,177,21
9,190,1
9,194,2
9,209,2
9,212,10
9,216,1
9,233,2
9,235,2
9,244,1
9,251,1
9,252,1
9,256,2
9,260,3
9,262,1
9,282,50
9,288,18
9,294,1
9,295,2
9,299,9
9,308,9
9,311,4
9,313,2
9,314,2
9,315,1
9,316,8
9,317,1
9,318,3
9,330,1
9,343,2
9,358,3
9,366,3
9,368,2
9,371,1
9,386,1
9,389,7
9,391,7
9,405,6
9,409,10
9,411,2
9,460,1
9,463,1
9,465,4
9,466,2
9,472,1
9,477,2
9,482,2
9,498,1
9,502,1
9,514,5
9,527,5
9,528,1
9,543,2
9,561,1
9,566,3
9,569,89
9,596,1
9,598,42
9,601,15
9,607,8
9,617,10
9,626,5
9,636,1
9,638,2
9,640,4
9,652,4
9,654,1
9,658,1
9,679,14
9,681,4
9,683,24
9,686,1
9,697,6
9,699,1
9,708,3
9,711,12
9,713,1
9,724,1
9,740,1
9,753,19
9,766,2
9,771,2
9,783,2
9,784,1
9,788,10
9,798,1
9,802,2
9,834,7
9,835,2
9,844,1
9,847,1
9,859,1
9,862,1
9,899,2
9,901,1
9,928,5
9,938,2
9,977,1
9,978,1
9,994,1
9,997,1
9,1039,1
9,1050,2
9,1062,3
9,1118,4
9,1121,1
9,1132,6
9,1169,2
9,1181,10
9,1183,11
9,1185,1
9,1188,1
9,1190,7
9,1191,1
9,1196,24
9,1197,1
9,1198,1
9,1206,3
9,1255,9
9,1261,2
9,1265,4
9,1279,2
9,1280,4
9,1281,4
9,1285,4
9,1308,16
9,1312,7
9,1313,30
9,1317,2
9,1323,1
9,1332,1
9,1338,7
9,1342,1
9,1343,27
9,1346,4
9,1380,1
9,1387,4
9,1401,2
9,1402,5
9,1420,2
9,1423,12
9,1434,2
9,1444,1
9,1445,1
9,1450,1
9,1451,2
9,1452,1
9,1453,1
9,1467,2
9,1489,1
9,1501,2
9,1510,4
9,1521,6
9,1545,2
9,1558,1
9,1573,1
9,1580,7
9,1618,1
9,1621,1
9,1622,2
9,1624,6
9,1637,2
9,1640,1
9,1641,1
9,1642,3
9,1643,1
9,1644,9
9,1646,1
9,1647,9
9,1648,1
9,1649,1
9,1650,1
9,1651,1
9,1652,1
9,1655,2
9,1682,1
9,1701,1
9,1706,1
9,1719,1
9,1731,8
9,1742,1
9,1749,1
9,1752,1
9,1753,1
9,1759,1
9,1760,1
9,1763,5
9,1781,5
9,1839,3
10,1258,1
12,8,19
12,9,3
12,13,1
12,27,5
12,32,16
12,66,2
12,67,2
12,73,3
12,80,3
12,81,1
12,90,1
12,96,1
12,101,13
12,103,2
12,109,1
12,118,1
12,128,1
12,140,6
12,142,9
12,143,6
12,144,10
12,148,2
12,168,3
12,173,1
12,175,35
12,176,1
12,260,1
12,282,24
12,288,15
12,297,1
12,300,2
12,302,1
12,308,11
12,316,1
12,319,5
12,343,19
12,355,1
12,358,6
12,360,2
12,366,3
12,389,19
12,391,3
12,392,11
12,398,4
12,402,9
12,409,5
12,415,5
12,439,1
12,475,1
12,479,1
12,480,2
12,502,1
12,513,1
12,527,20
12,536,7
12,543,2
12,547,1
12,569,81
12,586,4
12,588,1
12,593,3
12,598,8
12,599,24
12,603,3
12,605,12
12,609,1
12,617,10
12,634,2
12,638,1
12,658,5
12,679,1
12,681,4
12,689,2
12,697,1
12,711,44
12,713,2
12,719,2
12,753,1
12,757,4
12,758,4
12,766,3
12,784,1
12,814,3
12,817,3
12,823,15
12,825,1
12,830,2
12,834,2
12,840,1
12,857,1
12,868,14
12,926,9
12,938,5
12,969,6
12,974,1
12,984,1
12,986,2
12,991,2
12,997,9
12,998,1
12,1039,3
12,1042,2
12,1068,5
12,1080,1
12,1102,1
12,1106,1
12,1118,89
12,1121,1
12,1138,8
12,1153,1
12,1188,2
12,1214,3
12,1246,1
12,1252,1
12,1255,11
12,1281,11
12,1284,2
12,1286,2
12,1297,4
12,1312,83
12,1313,19
12,1338,2
12,1343,16
12,1344,5
12,1379,4
12,1387,17
12,1402,12
12,1406,2
12,1420,1
12,1433,7
12,1440,3
12,1485,1
12,1493,2
12,1520,2
12,1577,5
12,1624,7
12,1639,2
12,1644,8
12,1763,3
12,1808,5
12,1831,3
19,8,4
19,18,1
19,22,1
19,52,7
19,58,4
19,64,1
19,65,2
19,72,2
19,82,6
19,85,1
19,109,8
19,111,1
19,114,2
19,120,2
19,134,1
19,139,1
19,140,1
19,158,1
19,175,1
19,211,1
19,215,8
19,220,1
19,233,3
19,256,1
19,265,1
19,302,5
19,331,2
19,353,1
19,365,11
19,389,1
19,396,2
19,409,36
19,410,1
19,419,1
19,420,2
19,434,2
19,443,5
19,446,1
19,447,1
19,451,1
19,478,1
19,480,1
19,481,1
19,512,1
19,519,2
19,525,17
19,527,6
19,538,15
19,566,3
19,583,4
19,593,9
19,598,4
19,601,4
19,639,1
19,654,9
19,711,9
19,764,1
19,806,1
19,859,7
19,862,1
19,874,1
19,886,1
19,901,1
19,924,3
19,957,1
19,986,25
19,991,5
19,997,1
19,1015,1
19,1016,1
19,1026,1
19,1046,1
19,1068,1
19,1069,1
19,1072,1
19,1078,3
19,1098,2
19,1099,1
19,1130,6
19,1131,2
19,1132,3
19,1133,1
19,1181,5
19,1207,1
19,1221,1
19,1246,4
19,1260,7
19,1281,2
19,1299,1
19,1313,12
19,1390,1
19,1430,3
19,1435,2
19,1483,1
19,1505,1
19,1573,1
19,1624,7
19,1645,6
19,1664,1
19,1715,1
19,1742,1
19,1749,1
19,1803,1
19,1806,2
19,1882,3
20,21,2
20,275,3
25,21,1
26,7,1
26,53,1
26,63,10
26,122,1
26,386,1
26,404,1
26,462,2
26,645,2
26,679,6
26,823,1
26,1014,2
26,1033,1
26,1176,16
26,1281,7
26,1383,1
27,9,1
27,12,4
27,28,1
27,42,3
27,87,2
27,105,1
27,184,6
27,194,2
27,221,3
27,234,1
27,271,3
27,278,11
27,342,1
27,398,13
27,406,1
27,414,20
27,422,4
27,430,1
27,456,1
27,479,3
27,481,4
27,582,3
27,598,1
27,620,41
27,652,45
27,686,1
27,794,3
27,949,1
27,953,1
27,967,1
27,970,1
27,995,1
27,996,1
27,1009,8
27,1031,1
27,1079,16
27,1158,14
27,1162,1
27,1220,1
27,1283,1
27,1285,23
27,1332,1
27,1425,5
27,1472,1
27,1598,1
27,1686,9
27,1713,3
27,1876,2
29,25,1
29,58,1
29,85,1
29,389,1
29,443,2
29,569,2
29,654,1
29,657,1
29,697,1
29,823,6
29,850,1
29,1072,2
29,1136,1
29,1248,1
29,1302,1
29,1394,1
29,1540,2
29,1587,1
30,1,1
30,31,4
30,72,2
30,103,5
30,132,2
30,161,4
30,162,1
30,392,3
30,404,1
30,644,1
30,679,8
30,1014,2
30,1176,2
32,1,1
32,3,8
32,8,12
32,9,6
32,12,3
32,26,1
32,33,1
32,42,1
32,52,5
32,58,4
32,59,1
32,60,1
32,63,4
32,67,4
32,68,2
32,72,1
32,77,1
32,88,3
32,105,11
32,109,2
32,118,1
32,125,1
32,128,5
32,130,2
32,144,1
32,154,1
32,155,3
32,164,2
32,174,1
32,175,6
32,177,9
32,179,1
32,184,5
32,185,1
32,198,1
32,209,2
32,219,4
32,220,1
32,237,1
32,243,1
32,249,4
32,263,2
32,281,9
32,283,2
32,291,3
32,308,1
32,311,1
32,312,1
32,317,2
32,349,2
32,353,1
32,358,1
32,375,3
32,377,2
32,378,7
32,379,3
32,393,1
32,396,1
32,429,6
32,430,2
32,443,2
32,460,1
32,462,4
32,474,3
32,482,1
32,494,1
32,518,1
32,523,3
32,525,1
32,527,3
32,546,3
32,547,1
32,598,4
32,605,5
32,626,4
32,632,2
32,636,2
32,638,7
32,640,3
32,644,1
32,654,2
32,673,4
32,681,2
32,683,9
32,697,1
32,698,1
32,704,5
32,708,1
32,711,8
32,753,1
32,773,1
32,780,1
32,792,1
32,799,10
32,815,1
32,818,2
32,825,2
32,840,1
32,926,1
32,938,6
32,940,2
32,957,1
32,983,1
32,991,2
32,1005,1
32,1015,1
32,1021,1
32,1034,5
32,1036,1
32,1039,1
32,1042,5
32,1050,1
32,1053,1
32,1068,2
32,1072,1
32,1081,1
32,1093,2
32,1099,3
32,1103,1
32,1127,3
32,1132,2
32,1167,1
32,1183,3
32,1190,1
32,1196,2
32,1211,3
32,1217,2
32,1227,1
32,1231,2
32,1232,1
32,1234,9
32,1238,1
32,1255,7
32,1260,11
32,1281,5
32,1285,1
32,1312,1
32,1336,2
32,1338,2
32,1372,1
32,1385,1
32,1386,1
32,1395,1
32,1403,1
32,1463,2
32,1488,5
32,1497,1
32,1505,1
32,1518,2
32,1519,1
32,1543,1
32,1546,3
32,1565,1
32,1573,1
32,1577,6
32,1580,1
32,1642,3
32,1645,1
32,1647,1
32,1655,1
32,1657,1
32,1665,1
32,1675,10
32,1682,1
32,1683,1
32,1689,1
32,1692,1
32,1710,1
32,1731,3
32,1749,1
32,1781,2
32,1785,1
32,1789,4
32,1791,1
32,1807,3
32,1809,1
32,1829,1
32,1831,1
32,1838,1
32,1856,1
32,1857,1
32,1878,3
34,33,1
34,35,1
34,58,2
34,88,1
34,101,3
34,108,1
34,109,2
34,155,1
34,189,2
34,242,2
34,282,3
34,288,1
34,299,3
34,311,1
34,313,23
34,318,1
34,324,2
34,335,1
34,343,1
34,351,1
34,365,1
34,396,1
34,502,4
34,527,1
34,538,1
34,583,1
34,592,3
34,698,1
34,707,1
34,761,3
34,768,2
34,802,2
34,815,1
34,843,4
34,1042,1
34,1072,2
34,1130,4
36,1,6
36,3,5
36,6,5
36,19,3
36,32,2
36,34,1
36,37,1
36,40,1
36,44,2
36,50,2
36,55,1
36,56,1
36,58,1
36,60,6
36,73,11
36,75,4
36,81,1
36,84,3
36,88,1
36,89,1
36,90,2
36,93,2
36,99,1
36,103,2
36,104,2
36,105,7
36,109,7
36,110,2
36,112,2
36,113,1
36,119,5
36,124,1
36,127,1
36,128,2
36,129,5
36,133,6
36,134,1
36,147,2
36,155,1
36,156,1
36,189,31
36,209,1
36,211,12
36,214,2
36,221,5
36,222,4
36,236,2
36,250,2
36,254,6
36,259,2
36,281,5
36,285,3
36,291,1
36,296,2
36,299,3
36,317,1
36,361,1
36,400,2
36,401,1
36,413,4
36,428,1
36,511,1
36,525,2
36,547,1
36,597,1
36,598,1
36,601,4
36,614,1
36,625,3
36,642,1
36,644,1
36,770,14
36,779,2
36,828,1
36,834,5
36,879,1
36,940,6
36,985,1
36,1033,6
36,1059,2
36,1127,4
36,1269,1
36,1281,1
36,1425,1
36,1713,2
36,1789,2
38,39,1
38,52,2
38,58,1
38,61,1
38,81,1
38,86,2
38,94,1
38,101,5
38,109,1
38,128,13
38,148,1
38,168,2
38,175,1
38,177,13
38,233,1
38,270,1
38,288,39
38,302,1
38,313,50
38,343,1
38,365,3
38,378,2
38,386,2
38,393,1
38,405,3
38,409,2
38,437,2
38,460,1
38,464,1
38,475,98
38,478,1
38,502,58
38,527,2
38,561,1
38,592,3
38,626,2
38,783,2
41,3,1
41,11,1
41,13,1
41,14,1
41,15,1
41,32,6
41,39,1
41,42,2
41,43,2
41,52,1
41,56,3
41,58,3
41,59,2
41,61,1
41,63,26
41,64,1
41,65,1
41,76,3
41,78,1
41,80,1
41,81,1
41,86,1
41,90,5
41,97,3
41,101,1
41,120,2
41,132,1
41,134,2
41,151,2
41,157,1
41,165,1
41,166,2
41,167,1
41,168,17
41,169,1
41,173,1
41,174,1
41,176,9
41,177,31
41,180,6
41,183,1
41,184,2
41,185,5
41,186,2
41,188,1
41,192,1
41,215,1
41,216,1
41,222,2
41,223,1
41,248,1
41,250,3
41,251,1
41,256,1
41,263,1
41,265,1
41,270,2
41,277,5
41,280,5
41,283,3
41,300,2
41,308,8
41,325,2
41,343,1
41,353,1
41,355,2
41,371,1
41,375,2
41,379,1
41,380,1
41,381,1
41,382,1
41,383,1
41,389,56
41,391,1
41,392,5
41,396,3
41,407,9
41,419,1
41,437,4
41,439,1
41,452,1
41,460,3
41,463,4
41,464,2
41,473,3
41,481,1
41,495,7
41,502,31
41,503,1
41,513,2
41,515,1
41,523,4
41,527,4
41,528,1
41,529,1
41,536,1
41,538,1
41,541,1
41,542,1
41,561,2
41,566,1
41,567,2
41,595,3
41,596,1
41,598,9
41,599,7
41,603,2
41,609,3
41,610,2
41,616,2
41,638,2
41,642,1
41,658,2
41,687,2
41,707,1
41,713,2
41,719,1
41,741,3
41,743,1
41,746,2
41,754,1
41,766,13
41,769,1
41,780,7
41,783,1
41,794,1
41,805,3
41,811,1
41,815,3
41,817,2
41,823,2
41,840,1
41,863,1
41,901,5
41,913,6
41,919,3
41,928,5
41,938,3
41,943,2
41,969,1
41,975,3
41,978,1
41,1018,3
41,1029,7
41,1039,1
41,1040,5
41,1041,12
41,1043,3
41,1056,1
41,1111,1
41,1136,4
41,1142,1
41,1163,3
41,1182,1
41,1198,1
41,1215,1
41,1217,1
41,1236,4
41,1248,1
41,1253,1
41,1255,8
41,1339,1
41,1423,2
41,1463,1
41,1485,1
41,1497,3
41,1542,1
41,1554,3
41,1580,1
41,1585,2
41,1589,1
41,1652,1
41,1665,2
41,1681,1
41,1745,1
41,1807,1
41,1828,1
42,1,4
42,27,2
42,32,1
42,41,1
42,43,1
42,63,1
42,69,1
42,72,19
42,105,1
42,132,3
42,135,5
42,142,1
42,144,5
42,163,2
42,176,1
42,194,2
42,233,1
42,242,1
42,249,1
42,257,2
42,263,2
42,288,1
42,291,1
42,296,2
42,302,1
42,306,1
42,323,28
42,325,2
42,333,1
42,339,1
42,344,1
42,353,9
42,358,2
42,374,1
42,392,5
42,394,2
42,415,1
42,445,1
42,474,11
42,475,2
42,479,1
42,483,4
42,488,2
42,495,2
42,502,3
42,538,2
42,543,2
42,548,2
42,573,3
42,600,1
42,620,1
42,626,3
42,632,1
42,638,1
42,640,3
42,644,1
42,654,1
42,669,2
42,679,2
42,704,1
42,716,1
42,726,1
42,738,1
42,752,1
42,754,1
42,767,1
42,781,1
42,784,1
42,790,1
42,794,1
42,799,1
42,801,1
42,815,1
42,817,1
42,831,3
42,840,1
42,843,1
42,852,3
42,919,3
42,922,1
42,928,2
42,942,1
42,950,9
42,952,2
42,955,1
42,961,1
42,964,7
42,995,2
42,1005,1
42,1018,1
42,1031,3
42,1043,1
42,1049,1
42,1050,3
42,1062,6
42,1091,1
42,1097,1
42,1117,1
42,1129,1
42,1139,1
42,1142,1
42,1161,1
42,1183,13
42,1191,1
42,1215,1
42,1224,6
42,1226,1
42,1229,1
42,1255,11
42,1266,1
42,1270,1
42,1280,2
42,1284,1
42,1294,2
42,1302,1
42,1307,1
42,1308,3
42,1309,1
42,1325,2
42,1329,2
42,1334,1
42,1337,1
42,1340,2
42,1346,2
42,1354,1
42,1355,1
42,1356,1
42,1357,1
42,1365,1
42,1381,1
42,1402,1
42,1414,1
42,1415,2
42,1418,1
42,1428,1
42,1440,2
42,1477,2
42,1482,1
42,1487,1
42,1505,1
42,1506,1
42,1507,6
42,1509,2
42,1512,1
42,1526,1
42,1534,2
42,1558,1
42,1559,1
42,1561,1
42,1579,1
42,1582,1
42,1597,1
42,1621,1
42,1622,1
42,1689,1
42,1690,1
42,1691,1
42,1724,2
42,1731,1
42,1744,1
43,1440,1
44,1,4
44,3,1
44,14,1
44,19,3
44,32,2
44,34,4
44,36,1
44,45,1
44,46,1
44,48,2
44,50,1
44,51,1
44,59,1
44,60,2
44,74,12
44,75,2
44,79,5
44,84,1
44,88,5
44,90,5
44,92,1
44,95,2
44,99,4
44,102,2
44,103,1
44,105,2
44,116,2
44,117,2
44,127,1
44,129,9
44,141,2
44,174,1
44,189,8
44,211,2
44,214,6
44,226,1
44,228,1
44,242,2
44,249,9
44,290,1
44,296,3
44,299,2
44,308,4
44,365,1
44,372,3
44,373,1
44,400,1
44,432,5
44,456,2
44,511,1
44,514,1
44,597,1
44,719,1
44,770,8
44,834,2
44,1189,1
44,1271,1
44,1406,1
44,1542,1
44,1669,2
44,1713,2
44,1800,1
44,1846,1
44,1850,1
44,1851,1
44,1852,1
44,1866,4
46,22,1
47,46,1
47,78,1
47,567,1
47,814,3
47,1299,1
48,6,8
48,46,1
48,52,10
48,58,1
48,81,3
48,86,1
48,97,1
48,144,2
48,152,8
48,175,20
48,212,1
48,256,2
48,274,1
48,311,3
48,314,2
48,323,27
48,371,1
48,538,17
48,621,4
48,683,19
48,713,1
48,721,5
48,753,12
48,758,6
48,762,1
48,840,3
48,986,2
48,1015,1
48,1136,2
48,1184,3
48,1248,1
48,1346,2
48,1540,5
48,1624,5
48,1655,2
50,102,3
50,234,2
50,288,1
50,296,1
50,311,1
50,376,2
50,386,2
50,481,4
50,586,1
50,596,1
50,626,6
50,654,3
50,679,3
50,701,3
50,755,1
50,758,3
50,781,1
50,823,1
50,919,3
50,1100,2
50,1131,2
50,1136,1
50,1190,1
50,1227,2
50,1248,3
50,1253,1
50,1281,3
50,1284,5
50,1317,1
50,1463,1
50,1487,3
50,1496,2
50,1540,1
50,1616,2
51,3,1
51,39,1
51,52,1
51,58,3
51,59,1
51,70,1
51,86,1
51,101,1
51,120,1
51,149,1
51,157,1
51,215,4
51,260,1
51,267,2
51,288,2
51,294,3
51,302,1
51,314,2
51,324,16
51,331,1
51,419,1
51,429,1
51,465,1
51,466,1
51,476,1
51,489,1
51,502,1
51,523,2
51,525,41
51,528,2
51,529,1
51,530,1
51,553,1
51,561,1
51,601,1
51,638,1
51,658,1
51,913,9
51,919,1
51,969,1
51,1217,1
51,1436,6
51,1775,4
52,48,9
52,67,1
52,95,2
52,103,2
52,105,1
52,201,2
52,249,1
52,309,2
52,328,1
52,357,1
52,368,1
52,497,1
52,509,3
52,646,1
52,652,1
52,681,7
52,749,1
52,762,1
52,940,1
52,966,3
52,1042,1
52,1185,1
52,1235,1
52,1237,1
52,1269,3
52,1283,1
52,1285,1
52,1508,4
52,1543,1
52,1698,1
52,1701,1
53,9,2
53,26,5
53,34,1
53,54,2
53,62,1
53,87,1
53,176,2
53,181,2
53,234,1
53,250,12
53,253,1
53,254,2
53,291,1
53,305,3
53,308,5
53,325,7
53,340,1
53,341,2
53,343,3
53,346,1
53,357,1
53,377,1
53,408,1
53,413,2
53,416,1
53,456,2
53,481,2
53,542,3
53,594,1
53,615,1
53,620,3
53,642,4
53,646,4
53,711,3
53,739,1
53,785,3
53,834,10
53,847,1
53,855,1
53,953,1
53,975,2
53,1018,3
53,1042,1
53,1101,1
53,1118,1
53,1138,7
53,1139,1
53,1202,3
53,1244,1
53,1272,1
53,1281,1
53,1283,6
53,1314,6
53,1332,1
53,1349,2
53,1388,1
53,1432,1
53,1438,1
53,1508,1
53,1551,2
53,1585,3
53,1615,1
53,1623,2
53,1636,5
53,1657,3
53,1667,12
54,393,1
54,1128,1
56,57,1
56,61,1
56,68,2
56,90,1
56,105,1
56,154,2
56,170,1
56,171,1
56,172,1
56,214,1
56,340,1
56,345,1
57,56,1
57,596,7
57,708,4
57,798,2
57,802,1
57,1616,1
58,8,1
58,199,1
58,811,1
58,1326,1
60,62,3
60,63,1
60,194,2
60,245,1
60,296,1
60,308,11
60,605,1
60,679,10
60,701,2
60,1004,1
60,1130,1
60,1173,1
60,1184,3
60,1248,1
60,1463,2
61,68,1
61,105,2
61,249,1
61,325,1
61,542,1
61,940,1
61,1721,1
62,50,2
62,60,4
62,78,1
62,102,2
62,128,1
62,136,1
62,162,1
62,215,1
62,236,4
62,260,2
62,266,5
62,278,1
62,285,2
62,343,1
62,347,1
62,349,1
62,354,1
62,367,1
62,368,3
62,371,1
62,375,1
62,389,1
62,393,2
62,422,2
62,454,8
62,463,3
62,465,4
62,475,2
62,481,5
62,502,5
62,554,2
62,567,3
62,596,1
62,598,2
62,605,1
62,607,1
62,688,1
62,949,1
62,1190,1
62,1224,5
62,1373,1
63,26,10
63,32,4
63,41,1
63,46,1
63,60,2
63,67,2
63,73,7
63,74,5
63,79,1
63,92,1
63,95,14
63,103,6
63,105,1
63,127,13
63,155,4
63,174,8
63,184,1
63,185,4
63,193,11
63,199,6
63,202,1
63,228,2
63,242,9
63,249,2
63,278,2
63,290,2
63,296,2
63,297,3
63,301,2
63,313,2
63,332,2
63,337,2
63,339,3
63,385,4
63,400,1
63,430,1
63,494,6
63,514,1
63,547,7
63,549,2
63,557,1
63,560,1
63,609,1
63,706,1
63,719,1
63,724,1
63,725,1
63,770,1
63,797,3
63,801,3
63,814,12
63,847,1
63,865,2
63,912,1
63,923,1
63,949,4
63,963,4
63,990,7
63,996,1
63,1110,1
63,1174,2
63,1271,2
63,1302,1
63,1310,2
63,1520,4
63,1604,1
63,1713,1
66,282,1
67,3,1
67,8,4
67,9,2
67,32,19
67,52,4
67,59,1
67,63,7
67,69,1
67,72,10
67,74,2
67,88,1
67,90,1
67,97,4
67,132,3
67,154,1
67,164,1
67,172,2
67,173,1
67,175,1
67,180,6
67,212,1
67,215,2
67,236,1
67,242,1
67,256,2
67,260,1
67,273,1
67,277,1
67,281,3
67,282,4
67,288,7
67,313,2
67,318,3
67,323,1
67,343,2
67,365,1
67,371,1
67,378,3
67,394,2
67,396,6
67,410,2
67,424,1
67,430,2
67,440,1
67,449,2
67,451,1
67,460,1
67,462,1
67,474,1
67,475,18
67,482,1
67,502,1
67,521,1
67,523,1
67,527,1
67,529,1
67,533,1
67,534,1
67,535,1
67,536,1
67,595,2
67,598,6
67,601,1
67,607,2
67,657,3
67,679,6
67,683,5
67,697,9
67,710,2
67,713,1
67,721,2
67,783,1
67,788,1
67,798,2
67,806,1
67,809,2
67,822,1
67,825,1
67,843,1
67,862,1
67,901,7
67,908,1
67,917,2
67,928,5
67,938,13
67,978,1
67,1000,1
67,1034,2
67,1039,9
67,1042,3
67,1072,2
67,1092,1
67,1103,2
67,1132,1
67,1137,4
67,1184,1
67,1206,1
67,1216,1
67,1217,1
67,1231,2
67,1239,1
67,1255,4
67,1260,2
67,1296,4
67,1302,2
67,1304,1
67,1313,9
67,1338,4
67,1344,1
67,1346,1
67,1402,2
67,1403,4
67,1417,2
67,1426,1
67,1427,2
67,1430,1
67,1445,1
67,1489,1
67,1496,5
67,1497,2
67,1501,3
67,1507,2
67,1538,1
67,1546,1
67,1565,1
67,1573,1
67,1603,1
67,1637,1
67,1644,1
67,1657,1
67,1665,2
67,1675,6
67,1748,1
67,1749,1
67,1760,1
67,1767,1
67,1768,1
67,1769,1
67,1770,2
67,1775,2
67,1776,1
67,1777,2
67,1781,2
67,1796,4
67,1809,1
67,1831,1
68,3,2
68,48,1
68,56,2
68,61,3
68,97,2
68,101,2
68,135,1
68,173,3
68,308,1
68,323,19
68,375,2
68,389,1
68,391,4
68,437,1
68,475,3
68,495,6
68,598,3
68,599,29
68,607,1
68,638,1
68,783,28
68,798,1
68,832,1
68,840,1
68,893,1
68,924,1
68,938,4
68,952,1
68,969,2
68,1214,2
68,1402,12
69,6,3
69,34,2
69,67,1
69,75,2
69,79,1
69,84,1
69,95,2
69,104,1
69,119,2
69,124,2
69,155,1
69,185,1
69,228,1
69,252,1
69,254,1
69,263,1
69,271,7
69,289,1
69,293,1
69,308,2
69,349,1
69,356,2
69,357,1
69,368,1
69,373,2
69,403,1
69,418,1
69,450,2
69,498,1
69,649,2
69,687,1
69,727,2
69,733,1
69,752,1
69,915,1
69,1034,1
69,1269,1
69,1296,1
69,1508,1
70,51,1
70,90,1
70,124,1
70,163,1
70,174,1
70,385,2
70,400,4
70,482,2
70,573,2
70,620,2
70,674,1
70,944,1
70,1113,6
70,1713,1
71,58,1
71,72,2
72,3,1
72,30,1
72,42,10
72,71,2
72,103,8
72,106,1
72,124,1
72,194,1
72,199,1
72,249,1
72,250,1
72,263,2
72,283,2
72,291,2
72,303,4
72,318,1
72,325,2
72,335,1
72,337,3
72,372,3
72,392,5
72,398,1
72,430,1
72,583,3
72,595,1
72,596,1
72,611,5
72,644,4
72,652,4
72,677,2
72,678,1
72,679,30
72,683,24
72,688,1
72,701,2
72,704,2
72,768,8
72,834,10
72,857,4
72,861,1
72,883,2
72,942,1
72,966,2
72,967,1
72,1039,27
72,1045,1
72,1052,1
72,1068,7
72,1124,1
72,1139,1
72,1223,1
72,1227,4
72,1253,12
72,1283,2
72,1316,2
72,1317,1
72,1713,1
72,1765,2
72,1792,2
73,6,3
73,63,6
73,74,10
73,142,1
73,212,1
73,252,2
73,343,2
73,372,1
73,379,5
73,389,2
73,391,1
73,393,1
73,452,1
73,454,1
73,460,1
73,463,1
73,596,4
73,605,7
73,617,21
73,626,1
73,652,3
73,658,1
73,697,3
73,753,8
73,773,1
73,926,2
73,991,4
73,1646,2
74,44,1
74,63,3
74,73,7
74,302,1
74,316,4
74,378,4
74,379,8
74,389,1
74,396,1
74,408,1
74,419,1
74,437,1
74,449,1
74,459,2
74,460,1
74,463,2
74,503,1
74,513,1
74,519,1
74,527,2
74,528,1
74,541,1
74,544,1
74,561,3
74,592,3
74,598,1
74,607,3
74,617,6
74,635,1
74,638,1
74,680,2
74,686,1
74,699,1
74,707,1
74,708,2
74,753,3
74,758,2
74,765,1
74,788,1
74,840,6
74,860,1
74,874,1
74,940,1
75,97,1
75,120,2
75,313,5
75,475,12
75,1041,1
76,258,1
76,399,2
78,326,1
79,8,1
79,48,1
79,58,2
79,63,1
79,70,1
79,109,1
79,166,1
79,256,1
79,260,1
79,365,2
79,386,1
80,58,1
80,194,1
80,277,19
80,309,1
80,463,1
80,609,2
80,823,1
80,928,1
80,1041,2
80,1189,2
81,176,2
81,400,1
81,1434,2
83,58,1
83,59,1
83,194,1
83,313,1
83,368,1
83,386,2
83,536,3
83,551,1
83,835,1
83,840,1
83,1060,1
83,1244,1
84,8,2
84,86,1
84,391,1
84,437,1
84,451,3
84,523,1
84,598,1
84,638,2
84,639,1
84,765,6
84,901,1
84,1000,1
84,1103,1
84,1211,2
84,1647,2
85,124,1
85,322,2
85,400,1
85,733,2
85,953,1
85,1083,1
85,1236,1
85,1326,1
85,1434,5
85,1713,1
86,48,1
87,8,2
87,27,2
87,58,1
87,63,1
87,393,2
87,475,1
87,502,1
87,654,1
87,713,2
87,938,1
87,1260,1
88,3,1
88,32,2
88,101,1
88,144,2
88,212,1
88,220,1
88,323,22
88,358,2
88,427,1
88,673,1
88,701,1
88,952,1
90,6,1
90,48,2
90,56,1
90,257,1
90,269,3
90,479,4
90,594,1
90,598,2
90,605,4
90,642,1
90,697,1
90,841,1
90,967,1
90,1006,1
90,1072,1
90,1283,1
90,1339,1
91,47,1
91,81,1
91,92,3
91,1237,1
93,36,2
93,211,2
93,525,1
93,1616,1
93,1624,1
94,84,3
94,320,2
94,516,1
94,928,1
94,965,1
95,44,3
95,52,2
95,63,13
95,81,1
95,109,3
95,154,1
95,168,4
95,175,9
95,299,3
95,311,2
95,319,4
95,345,1
95,365,4
95,371,2
95,393,1
95,447,5
95,525,6
95,561,25
95,592,7
95,607,1
95,621,3
95,626,6
95,638,3
95,654,1
95,682,1
95,697,10
95,707,1
95,708,1
95,712,13
95,713,3
95,719,1
95,753,1
95,773,1
95,859,1
95,862,1
95,868,8
95,924,1
95,938,2
95,960,1
95,983,3
95,1118,6
95,1161,1
95,1190,1
95,1238,2
95,1246,11
95,1251,1
95,1255,1
95,1260,1
95,1322,1
95,1365,3
95,1385,3
95,1387,6
95,1393,5
95,1402,1
95,1403,4
95,1419,1
95,1452,5
95,1510,1
95,1573,1
95,1578,1
95,1580,3
95,1624,20
95,1648,1
95,1649,1
95,1673,1
95,1692,1
95,1749,1
95,1767,1
95,1788,1
95,1789,2
95,1796,8
95,1808,3
95,1837,1
95,1839,3
95,1840,1
95,1842,1
95,1843,1
95,1849,1
95,1859,8
95,1865,1
96,6,6
96,32,3
96,48,3
96,62,1
96,74,4
96,88,1
96,95,5
96,124,1
96,137,2
96,163,1
96,164,2
96,224,1
96,231,1
96,232,1
96,828,1
97,9,1
97,48,3
97,68,2
97,98,2
97,102,3
97,104,1
97,124,2
97,181,3
97,191,5
97,194,2
97,228,2
97,252,4
97,266,1
97,285,1
97,289,4
97,308,1
97,316,1
97,325,23
97,327,1
97,338,3
97,349,4
97,352,2
97,400,1
97,407,1
97,509,1
97,542,61
97,559,2
97,644,3
97,687,2
97,726,12
97,770,1
97,847,2
97,871,1
97,934,2
97,994,1
97,1043,1
97,1167,1
97,1480,1
97,1748,1
98,97,2
98,102,2
99,8,6
99,126,1
99,144,1
99,154,1
99,194,3
99,349,2
99,626,7
99,654,4
99,1246,1
100,101,1
101,32,2
101,34,4
101,41,1
101,51,1
101,68,1
101,88,1
101,100,4
101,115,1
101,118,1
101,176,7
101,184,5
101,190,18
101,193,1
101,198,5
101,208,3
101,243,2
101,271,1
101,282,4
101,370,2
101,514,1
101,515,1
101,847,1
101,1002,2
102,50,2
102,62,2
102,97,5
102,98,4
102,316,3
102,323,1
102,355,4
102,645,2
102,758,1
102,943,1
102,1449,1
103,8,1
103,20,1
103,30,3
103,44,2
103,52,5
103,56,2
103,58,5
103,61,1
103,62,3
103,63,24
103,66,4
103,72,17
103,82,1
103,85,1
103,86,2
103,93,1
103,97,2
103,98,1
103,101,3
103,109,9
103,114,1
103,117,1
103,127,1
103,128,5
103,132,1
103,134,4
103,135,4
103,144,3
103,149,1
103,151,2
103,154,1
103,158,1
103,166,3
103,168,9
103,173,1
103,175,9
103,177,3
103,183,1
103,185,3
103,188,1
103,190,1
103,192,1
103,210,1
103,211,1
103,215,8
103,220,2
103,221,1
103,228,3
103,233,1
103,256,2
103,260,2
103,265,1
103,267,2
103,270,2
103,277,4
103,282,1
103,299,6
103,306,2
103,311,4
103,314,2
103,316,3
103,318,1
103,324,14
103,343,1
103,344,1
103,345,4
103,353,1
103,358,5
103,360,2
103,365,7
103,371,2
103,375,3
103,378,7
103,379,1
103,386,1
103,391,1
103,392,18
103,393,4
103,396,2
103,402,3
103,405,1
103,409,3
103,417,1
103,429,1
103,437,4
103,439,1
103,441,1
103,445,1
103,452,1
103,454,2
103,456,1
103,460,2
103,462,21
103,464,5
103,465,1
103,466,1
103,475,10
103,480,1
103,489,1
103,495,5
103,500,1
103,502,2
103,503,1
103,504,2
103,513,1
103,525,32
103,527,1
103,534,1
103,538,3
103,549,1
103,553,1
103,554,1
103,556,2
103,561,2
103,566,1
103,569,1
103,577,2
103,587,2
103,592,3
103,593,1
103,598,7
103,599,12
103,601,3
103,605,8
103,617,28
103,638,5
103,639,1
103,652,4
103,658,6
103,673,7
103,675,1
103,683,6
103,686,2
103,688,3
103,697,1
103,699,1
103,700,1
103,708,2
103,711,1
103,712,7
103,713,2
103,721,1
103,731,2
103,734,8
103,758,2
103,765,2
103,774,1
103,783,5
103,795,1
103,798,1
103,799,8
103,815,1
103,817,2
103,819,1
103,831,2
103,835,1
103,839,1
103,840,6
103,841,11
103,843,1
103,853,3
103,864,1
103,868,1
103,874,3
103,886,1
103,893,2
103,899,2
103,908,2
103,917,1
103,919,5
103,920,2
103,929,1
103,930,1
103,931,1
103,932,1
103,938,5
103,948,1
103,954,5
103,957,1
103,967,2
103,969,2
103,973,7
103,974,1
103,975,2
103,978,1
103,983,4
103,988,4
103,1002,2
103,1015,1
103,1021,1
103,1060,4
103,1072,4
103,1078,5
103,1097,1
103,1100,1
103,1118,3
103,1130,1
103,1169,1
103,1181,2
103,1216,1
103,1217,3
103,1231,12
103,1238,3
103,1244,1
103,1255,1
103,1256,2
103,1280,5
103,1302,6
103,1308,1
103,1313,3
103,1329,1
103,1334,1
103,1342,1
103,1343,1
103,1346,1
103,1362,10
103,1395,1
103,1417,1
103,1419,1
103,1431,2
103,1468,2
103,1487,3
103,1497,1
103,1510,1
103,1518,2
103,1540,5
103,1554,9
103,1568,1
103,1585,2
103,1598,1
103,1603,2
103,1643,1
103,1646,2
104,59,2
104,97,2
104,638,1
104,713,1
104,817,1
105,8,2
105,9,1
105,19,1
105,27,1
105,32,11
105,33,1
105,41,1
105,42,3
105,44,3
105,52,8
105,56,2
105,58,1
105,61,3
105,63,3
105,72,2
105,81,1
105,90,1
105,96,1
105,97,1
105,101,1
105,107,1
105,128,1
105,129,1
105,132,1
105,135,3
105,140,1
105,144,2
105,155,2
105,175,3
105,180,3
105,209,1
105,212,2
105,250,1
105,263,1
105,288,6
105,307,1
105,308,4
105,314,1
105,317,2
105,323,1
105,332,1
105,337,4
105,339,1
105,343,1
105,353,1
105,358,2
105,367,8
105,388,1
105,393,1
105,398,39
105,404,1
105,415,2
105,439,2
105,454,2
105,456,1
105,463,9
105,474,33
105,475,5
105,482,1
105,487,1
105,494,3
105,498,5
105,523,1
105,540,1
105,557,3
105,561,12
105,563,1
105,569,19
105,576,7
105,577,1
105,585,1
105,595,1
105,596,1
105,598,1
105,599,2
105,603,1
105,605,4
105,606,4
105,615,4
105,621,11
105,624,1
105,626,7
105,632,1
105,638,2
105,639,10
105,640,1
105,644,2
105,652,4
105,654,2
105,674,1
105,675,1
105,679,1
105,683,1
105,697,5
105,701,4
105,704,1
105,708,2
105,711,9
105,712,1
105,713,4
105,716,1
105,724,1
105,739,1
105,758,1
105,783,2
105,794,1
105,814,1
105,831,2
105,852,1
105,859,2
105,871,1
105,874,1
105,884,1
105,899,1
105,915,1
105,927,1
105,938,3
105,964,5
105,990,1
105,992,1
105,993,1
105,995,2
105,1021,3
105,1027,5
105,1033,2
105,1034,1
105,1036,1
105,1039,3
105,1050,1
105,1051,1
105,1055,1
105,1068,1
105,1069,1
105,1083,5
105,1099,1
105,1100,2
105,1102,1
105,1103,1
105,1104,1
105,1105,1
105,1107,1
105,1108,1
105,1111,1
105,1116,1
105,1117,1
105,1118,10
105,1122,1
105,1123,1
105,1124,1
105,1125,1
105,1127,4
105,1129,1
105,1130,1
105,1131,1
105,1132,7
105,1134,2
105,1138,1
105,1139,1
105,1141,1
105,1142,1
105,1143,1
105,1144,1
105,1145,1
105,1146,1
105,1147,1
105,1148,2
105,1149,1
105,1150,1
105,1151,1
105,1152,1
105,1153,1
105,1156,1
105,1157,1
105,1168,2
105,1181,4
105,1189,1
105,1255,2
105,1276,2
105,1281,1
105,1308,3
105,1312,1
105,1338,5
105,1349,1
105,1353,2
105,1372,1
105,1373,9
105,1387,1
105,1395,1
105,1402,13
105,1406,13
105,1421,1
105,1423,1
105,1444,2
105,1463,1
105,1485,1
105,1487,2
105,1518,1
105,1543,2
105,1573,1
105,1585,3
105,1624,75
105,1625,1
105,1641,1
105,1644,11
105,1648,1
105,1655,1
105,1675,5
105,1724,13
105,1727,1
105,1730,2
105,1731,1
105,1743,1
105,1756,5
105,1771,9
105,1781,5
105,1783,1
105,1789,9
105,1792,1
105,1831,4
106,72,1
109,32,1
109,124,1
109,282,3
109,400,3
109,681,1
109,719,1
109,1000,1
110,638,1
111,112,1
114,19,2
114,103,8
114,105,2
114,124,4
114,250,9
114,357,1
114,400,2
114,770,30
114,1189,2
118,32,2
118,100,1
118,101,1
118,120,2
118,193,6
118,194,3
118,222,1
118,296,1
118,357,1
118,586,1
118,616,1
118,779,2
118,817,2
118,847,1
118,943,2
118,1070,4
118,1189,1
119,58,1
119,120,3
119,144,1
119,168,1
119,302,3
119,538,1
119,596,2
119,617,4
120,75,2
120,118,1
120,119,2
120,222,2
120,488,1
121,108,1
121,144,1
121,191,1
121,194,2
121,228,1
121,495,1
124,6,4
124,8,1
124,61,1
124,72,1
124,85,2
124,97,4
124,101,1
124,109,3
124,114,1
124,135,5
124,318,2
124,323,3
124,396,9
124,447,2
124,449,2
124,452,1
124,463,1
124,474,2
124,598,5
124,617,4
124,711,3
124,712,3
124,713,2
124,802,1
124,1234,1
124,1255,5
124,1402,5
124,1565,1
124,1622,1
124,1644,2
125,126,1
125,131,2
125,1796,2
127,63,3
127,233,1
127,260,1
127,313,1
127,392,2
127,475,1
127,495,2
127,697,1
127,707,1
127,809,2
127,1021,1
127,1050,1
127,1072,1
127,1097,1
127,1198,1
127,1312,2
127,1338,1
127,1724,3
128,12,1
128,32,7
128,51,5
128,62,5
128,97,1
128,105,1
128,172,2
128,194,2
128,204,1
128,211,2
128,221,1
128,235,1
128,236,23
128,242,4
128,250,3
128,302,1
128,324,7
128,325,3
128,329,2
128,338,7
128,353,2
128,372,8
128,493,1
128,502,5
128,503,1
128,509,1
128,542,15
128,548,1
128,557,3
128,569,13
128,571,5
128,573,2
128,598,1
128,606,2
128,612,1
128,629,4
128,639,1
128,677,1
128,685,1
128,687,2
128,706,10
128,715,3
128,738,2
128,749,1
128,778,1
128,779,1
128,797,5
128,847,8
128,878,1
128,927,1
128,934,13
128,970,2
128,980,1
128,1004,2
128,1006,4
128,1080,1
128,1113,14
128,1124,1
128,1153,1
128,1189,2
128,1262,1
128,1267,4
128,1283,1
128,1354,6
128,1378,1
128,1381,14
128,1409,3
128,1413,1
128,1415,1
128,1510,7
128,1513,4
129,8,1
131,30,4
131,125,3
131,191,1
131,194,1
131,297,13
131,314,2
131,368,3
131,393,5
131,394,3
131,439,4
131,504,1
131,527,1
131,548,1
131,638,1
131,654,8
131,686,1
131,734,1
131,753,8
131,792,3
131,815,1
131,874,1
131,990,1
131,1008,1
131,1039,1
131,1181,1
131,1248,1
131,1255,1
131,1281,5
131,1284,7
131,1379,1
132,1,2
132,3,1
132,30,2
132,42,3
132,103,1
132,149,1
132,162,1
132,263,2
132,312,3
132,318,1
132,333,1
132,398,3
132,449,2
132,589,2
132,846,1
132,1014,2
132,1039,1
132,1487,2
132,1491,2
133,135,3
133,437,1
134,103,1
134,398,1
135,1,1
135,42,5
135,105,1
135,124,1
135,133,2
135,1113,1
135,1356,1
135,1486,1
137,138,2
140,6,2
140,105,1
140,124,6
140,185,4
140,201,2
140,276,1
140,278,1
140,308,2
140,470,1
140,557,6
140,574,1
140,1281,3
140,1644,2
140,1781,1
142,9,1
142,42,1
142,58,1
142,73,1
142,144,13
142,244,4
142,257,1
142,329,2
142,337,1
142,415,2
142,475,1
142,482,1
142,514,1
142,617,2
142,654,5
142,713,1
142,762,1
142,840,4
142,997,5
142,1121,7
142,1260,2
142,1277,1
142,1281,2
142,1283,1
142,1415,1
142,1575,2
143,6,2
143,12,4
143,32,7
143,67,2
143,95,1
143,103,8
143,163,3
143,201,42
143,250,1
143,357,7
143,415,2
143,442,2
143,456,2
143,479,1
143,542,1
143,547,1
143,582,1
143,644,1
143,681,4
143,762,1
143,834,3
143,915,1
143,966,1
143,1037,6
143,1042,1
143,1094,1
143,1339,3
143,1601,3
143,1619,1
143,1713,2
143,1727,4
144,3,1
144,9,2
144,12,10
144,23,1
144,32,2
144,41,1
144,42,6
144,48,14
144,51,1
144,88,3
144,99,10
144,103,1
144,105,1
144,121,3
144,142,12
144,185,2
144,189,5
144,193,8
144,195,1
144,222,1
144,224,2
144,238,1
144,240,1
144,241,1
144,247,1
144,260,1
144,281,1
144,283,4
144,288,1
144,290,3
144,322,1
144,338,1
144,359,1
144,369,1
144,370,1
144,374,1
144,398,4
144,413,1
144,430,1
144,456,1
144,479,3
144,515,1
144,561,1
144,635,1
144,644,14
144,645,2
144,805,1
144,834,4
144,873,3
144,921,1
144,975,2
144,991,1
144,996,2
144,1004,3
144,1017,2
144,1018,1
144,1022,1
144,1023,1
144,1111,1
144,1127,2
144,1185,3
144,1200,1
144,1278,1
144,1408,1
144,1436,1
144,1472,5
144,1500,7
144,1527,1
144,1556,9
144,1557,1
144,1713,1
144,1756,1
144,1758,12
144,1761,1
144,1783,3
145,48,4
145,88,2
145,95,3
145,119,3
145,147,1
145,254,2
145,263,1
145,281,4
145,341,4
145,349,2
145,479,2
145,492,2
145,586,2
145,609,1
145,644,2
145,719,2
145,810,3
145,830,2
145,933,2
145,994,2
145,1033,5
145,1042,8
145,1713,1
146,1,6
146,3,2
146,26,4
146,128,2
146,308,1
146,309,1
146,312,2
146,679,3
146,739,1
147,191,1
147,236,1
147,349,2
147,1505,1
149,289,4
149,679,1
149,823,2
151,41,1
151,103,1
151,602,1
151,609,1
151,907,1
151,940,1
151,971,2
151,982,1
152,48,6
152,372,8
152,847,3
152,993,11
152,1127,2
152,1153,25
152,1158,2
152,1185,1
154,56,1
154,357,1
154,547,2
154,644,1
154,719,1
154,1539,1
155,3,1
155,8,1
155,32,1
155,34,1
155,63,2
155,233,1
155,302,3
155,308,1
155,525,3
155,1196,2
155,1281,5
155,1580,2
155,1624,1
160,72,3
160,429,2
160,598,1
160,638,1
160,639,3
160,697,1
160,783,1
160,964,1
160,1181,2
160,1729,1
161,1,5
161,30,4
161,63,6
161,162,8
161,164,2
161,221,2
161,323,1
161,617,6
161,679,38
161,1255,1
161,1487,4
161,1673,2
162,30,1
162,132,1
162,161,5
162,368,2
162,851,2
163,42,2
163,72,1
163,245,1
163,249,1
163,474,3
163,658,3
163,686,1
163,768,1
163,943,1
163,986,2
163,1026,1
163,1208,2
163,1283,2
163,1485,1
164,8,2
164,177,1
164,178,1
164,179,1
164,430,1
166,234,1
167,303,1
167,1409,1
167,1758,2
168,95,3
168,119,1
168,400,3
168,834,6
171,56,1
172,128,2
172,277,1
172,296,1
172,344,1
172,392,1
172,460,3
172,486,1
172,488,1
172,495,2
172,502,1
172,523,1
172,531,1
172,544,1
172,595,2
172,598,1
172,638,2
172,639,1
172,684,1
172,820,1
172,840,3
172,969,2
172,1026,1
172,1497,1
172,1603,2
172,1647,1
172,1724,1
172,1748,6
173,68,1
173,103,1
173,194,1
173,342,1
173,400,1
173,749,2
173,1283,2
173,1339,1
174,63,7
174,260,7
174,335,3
174,679,1
174,701,2
174,1231,1
174,1260,1
174,1434,11
174,1648,10
175,32,6
175,48,20
175,50,1
175,95,8
175,105,1
175,191,6
175,214,3
175,224,5
175,640,7
175,810,18
175,834,1
175,1421,2
175,1814,2
176,8,1
176,20,1
176,32,2
176,41,2
176,42,1
176,58,1
176,61,2
176,63,10
176,72,2
176,81,3
176,86,1
176,94,1
176,97,1
176,101,15
176,120,1
176,132,1
176,149,1
176,154,1
176,166,2
176,175,1
176,177,1
176,180,1
176,181,1
176,184,2
176,185,1
176,188,1
176,190,1
176,192,1
176,196,1
176,197,1
176,198,2
176,199,1
176,200,1
176,201,2
176,202,1
176,203,1
176,216,1
176,217,1
176,218,1
176,221,1
176,223,1
176,226,1
176,233,2
176,248,5
176,250,1
176,256,1
176,263,2
176,267,1
176,269,1
176,270,2
176,277,38
176,283,4
176,284,1
176,297,3
176,299,1
176,300,1
176,306,1
176,311,2
176,315,1
176,316,1
176,319,1
176,324,1
176,374,1
176,378,2
176,392,11
176,396,13
176,419,1
176,439,1
176,445,1
176,453,1
176,463,4
176,475,7
176,502,9
176,515,2
176,523,4
176,561,1
176,595,6
176,598,2
176,603,5
176,607,1
176,638,8
176,697,1
176,707,1
176,777,1
176,815,7
176,817,4
176,823,1
176,840,9
176,864,3
176,871,1
176,898,1
176,928,12
176,969,3
176,975,6
176,978,2
176,983,2
176,1001,3
176,1021,4
176,1026,3
176,1056,1
176,1142,2
176,1161,1
176,1285,2
176,1302,3
176,1384,1
176,1423,11
176,1436,1
176,1474,2
176,1493,10
176,1565,40
176,1585,4
176,1603,2
176,1665,4
176,1745,1
176,1747,1
177,32,6
177,180,2
177,394,1
177,514,2
177,1009,2
180,3,2
180,67,6
180,105,2
180,177,2
180,181,1
180,182,2
180,242,4
181,97,3
181,177,2
181,180,1
181,194,2
181,204,2
181,260,1
181,294,1
181,316,3
181,323,2
181,355,4
181,396,2
181,432,1
181,454,18
181,495,20
181,513,1
181,598,1
181,765,2
181,766,4
181,783,4
181,840,1
181,967,1
181,969,4
183,41,1
183,103,1
183,184,1
183,234,2
183,242,1
183,269,1
183,289,2
183,620,1
183,644,2
183,769,1
183,916,2
183,956,1
183,1676,1
184,32,1
184,101,5
184,389,1
184,573,1
184,698,2
184,928,1
184,1026,3
185,32,1
185,63,1
185,97,1
185,109,1
185,147,1
185,186,1
186,185,1
187,131,1
187,186,5
187,1897,1
189,8,3
189,34,1
189,36,7
189,42,4
189,44,5
189,72,2
189,132,1
189,144,15
189,175,2
189,199,1
189,302,2
189,307,1
189,349,2
189,358,3
189,371,1
189,443,1
189,483,2
189,579,1
189,626,1
189,635,1
189,682,1
189,708,9
189,712,55
189,735,3
189,774,1
189,802,2
189,859,2
189,862,1
189,868,1
189,1068,1
189,1261,1
189,1291,1
189,1339,1
189,1641,1
189,1742,1
189,1749,5
190,109,1
190,652,1
191,78,1
191,121,1
191,136,1
191,175,7
191,236,3
191,237,2
191,239,1
191,315,1
191,347,1
191,365,3
191,371,1
191,376,1
191,396,5
191,405,3
191,429,23
191,495,1
191,501,1
191,536,2
191,540,1
191,595,2
191,738,4
191,765,7
191,815,2
191,874,2
191,913,5
191,928,3
191,952,1
191,1021,3
191,1049,1
191,1060,6
191,1097,3
191,1131,1
191,1420,1
191,1421,1
191,1505,1
193,63,17
193,85,1
193,101,1
193,118,7
193,144,3
193,149,5
193,190,2
193,233,25
193,280,1
193,282,1
193,302,9
193,311,1
193,314,1
193,315,1
193,355,9
193,368,2
193,378,8
193,389,10
193,393,6
193,394,1
193,483,3
193,502,4
193,523,1
193,536,2
193,538,4
193,593,3
193,595,2
193,596,1
193,616,1
193,626,2
193,658,8
193,686,3
193,708,1
193,773,1
193,823,3
193,843,1
193,847,1
193,913,1
193,943,1
193,967,2
193,1130,3
193,1215,2
193,1299,1
193,1343,13
193,1362,1
193,1412,1
193,1434,1
193,1540,1
193,1546,1
193,1565,3
193,1633,1
193,1646,5
193,1647,9
193,1742,1
193,1805,1
194,1,1
194,9,1
194,26,1
194,32,3
194,42,1
194,60,2
194,62,9
194,72,1
194,80,1
194,88,2
194,97,3
194,98,1
194,99,3
194,121,1
194,125,1
194,131,2
194,132,2
194,149,1
194,173,1
194,181,2
194,182,2
194,183,2
194,184,2
194,195,1
194,199,4
194,203,1
194,206,2
194,207,1
194,209,4
194,211,1
194,222,1
194,223,1
194,228,1
194,234,2
194,237,1
194,241,1
194,242,2
194,254,1
194,271,5
194,277,1
194,283,3
194,289,2
194,295,2
194,296,22
194,303,2
194,312,1
194,322,1
194,325,4
194,334,2
194,342,1
194,344,1
194,353,3
194,355,2
194,356,1
194,368,2
194,375,1
194,376,2
194,400,1
194,404,1
194,406,1
194,422,4
194,445,1
194,448,3
194,449,2
194,453,1
194,456,5
194,463,2
194,465,3
194,479,1
194,482,6
194,498,13
194,499,1
194,503,1
194,509,1
194,515,1
194,516,3
194,527,1
194,555,1
194,560,2
194,567,1
194,573,1
194,575,1
194,583,6
194,586,5
194,590,2
194,596,1
194,598,2
194,599,1
194,619,5
194,621,3
194,642,1
194,644,3
194,652,2
194,673,1
194,679,3
194,683,7
194,687,2
194,706,2
194,711,1
194,753,1
194,755,1
194,768,1
194,770,2
194,774,1
194,794,3
194,798,1
194,815,1
194,817,7
194,823,2
194,836,1
194,842,1
194,847,1
194,884,1
194,913,4
194,915,1
194,928,2
194,949,3
194,980,1
194,991,1
194,998,1
194,1004,9
194,1039,1
194,1051,1
194,1056,1
194,1063,1
194,1083,1
194,1084,1
194,1085,1
194,1086,1
194,1097,1
194,1101,1
194,1127,1
194,1178,2
194,1185,1
194,1270,1
194,1279,2
194,1284,1
194,1362,1
194,1406,2
198,101,6
198,256,1
198,809,3
198,1302,3
198,1321,2
198,1565,1
198,1647,1
199,20,1
199,58,2
199,63,2
199,72,2
199,101,1
199,209,2
199,210,1
199,212,4
199,260,1
199,279,1
199,295,1
199,296,2
199,355,2
199,445,6
199,460,1
199,498,1
199,509,1
199,536,6
199,544,1
199,546,1
199,569,9
199,595,2
199,598,2
199,638,1
199,652,1
199,654,1
199,673,2
199,713,1
199,823,2
199,840,3
199,848,1
199,858,2
199,949,2
199,952,1
199,959,1
199,971,9
199,975,2
199,978,2
199,1050,2
199,1051,1
199,1060,6
199,1105,3
199,1139,1
199,1183,1
199,1185,1
199,1234,3
199,1237,2
199,1244,1
199,1255,2
199,1346,1
199,1363,1
199,1364,2
199,1375,1
199,1413,1
199,1509,1
199,1582,4
199,1624,1
199,1717,1
199,1739,1
201,52,1
201,140,1
201,143,9
201,410,2
201,607,1
201,938,5
201,1053,1
201,1616,1
203,194,1
203,475,1
203,866,2
204,42,2
204,48,13
204,51,24
204,62,2
204,68,13
204,79,2
204,81,1
204,103,1
204,104,1
204,123,1
204,129,1
204,176,2
204,181,15
204,184,4
204,191,1
204,198,2
204,205,1
204,212,3
204,221,4
204,241,1
204,242,1
204,250,4
204,257,1
204,262,1
204,266,2
204,271,2
204,276,2
204,284,1
204,288,1
204,294,1
204,298,11
204,303,4
204,327,1
204,336,2
204,339,1
204,346,2
204,374,3
204,404,1
204,418,1
204,432,2
204,456,11
204,479,1
204,481,3
204,482,17
204,498,20
204,509,1
204,536,3
204,540,1
204,542,4
204,567,2
204,571,1
204,609,3
204,611,6
204,615,6
204,645,2
204,667,4
204,704,1
204,714,1
204,725,2
204,777,9
204,794,2
204,797,1
204,830,6
204,949,5
204,999,1
204,1070,4
204,1189,7
204,1224,1
204,1227,4
204,1239,2
204,1269,24
204,1356,1
204,1381,1
204,1415,2
204,1500,1
204,1539,2
204,1576,1
204,1783,1
205,304,1
206,194,1
209,32,1
209,194,1
209,199,1
209,242,6
209,299,2
209,355,2
209,365,1
209,396,1
209,429,1
209,437,1
209,527,1
209,583,1
209,594,2
209,598,1
209,713,1
209,823,4
209,991,1
209,1072,1
209,1217,1
209,1255,2
209,1489,1
209,1699,1
209,1701,1
211,1,3
211,36,4
211,44,2
211,85,1
211,93,6
211,101,1
211,103,1
211,128,2
211,194,3
211,212,2
211,213,1
211,221,2
211,228,4
211,232,1
211,233,1
211,246,1
211,251,1
211,260,2
211,265,1
211,284,1
211,288,3
211,415,1
211,525,3
211,593,2
211,597,3
211,673,1
211,1546,3
211,1742,5
212,6,18
212,34,10
212,48,16
212,51,13
212,66,2
212,67,2
212,73,1
212,74,1
212,75,5
212,88,3
212,105,1
212,119,2
212,199,2
212,204,1
212,209,3
212,211,6
212,224,3
212,228,2
212,236,3
212,249,1
212,252,4
212,254,1
212,263,9
212,289,8
212,299,1
212,303,14
212,305,5
212,306,4
212,309,1
212,321,3
212,339,1
212,352,1
212,368,13
212,372,6
212,376,8
212,387,1
212,388,10
212,394,2
212,413,14
212,416,2
212,439,19
212,472,3
212,479,2
212,480,7
212,481,5
212,509,1
212,532,4
212,555,3
212,576,3
212,590,5
212,597,1
212,627,2
212,639,2
212,642,3
212,646,1
212,678,8
212,687,1
212,703,1
212,704,1
212,712,11
212,741,4
212,757,1
212,760,1
212,765,3
212,964,1
212,1004,4
212,1054,2
212,1056,1
212,1168,1
212,1289,3
212,1343,1
212,1507,2
212,1551,2
214,56,2
214,101,3
214,109,2
214,154,1
214,175,3
214,215,3
214,274,1
214,286,1
214,297,1
214,302,2
214,396,6
214,437,1
214,475,5
214,500,1
214,512,4
214,525,7
214,564,1
214,583,7
214,584,2
214,626,1
214,652,1
214,697,4
214,712,2
214,713,1
214,768,2
214,815,1
214,839,1
214,862,1
214,868,1
214,1068,1
214,1072,2
214,1117,1
214,1130,1
214,1181,1
214,1216,1
214,1573,1
214,1598,1
214,1644,3
215,51,3
215,62,1
215,67,1
219,32,4
219,124,1
219,321,6
219,719,1
219,1127,1
219,1181,1
219,1594,2
220,19,1
220,32,3
220,48,15
220,62,2
220,67,2
220,79,1
220,88,2
220,95,17
220,103,3
220,214,5
220,221,5
220,224,7
220,234,7
220,254,1
220,266,1
220,271,1
220,283,1
220,308,4
220,321,1
220,337,4
220,346,5
220,372,2
220,373,1
220,400,1
220,430,1
220,479,3
220,482,1
220,505,1
220,624,1
220,644,3
220,646,4
220,654,7
220,678,1
220,719,2
220,834,1
220,1018,9
220,1042,1
220,1310,4
220,1522,1
220,1601,5
220,1686,1
221,3,2
221,6,1
221,128,1
221,161,7
221,211,2
221,368,1
221,1282,1
221,1323,1
221,1561,1
221,1783,1
221,1792,1
221,1796,1
222,120,2
224,8,1
224,72,2
224,144,2
224,175,6
224,220,2
224,400,6
224,538,6
224,605,1
224,621,2
224,626,5
224,701,1
224,708,2
224,770,2
224,771,1
224,839,1
224,862,1
224,873,1
224,1246,2
224,1402,5
224,1624,3
224,1644,6
224,1796,1
224,1854,1
225,223,1
225,638,3
225,1281,3
225,1426,1
226,765,1
227,26,1
227,144,1
227,1234,1
228,61,1
228,63,1
228,97,1
228,121,2
228,194,2
228,211,1
228,304,1
228,311,1
228,314,4
228,315,1
228,378,1
228,386,1
228,392,12
228,463,1
228,475,1
228,498,3
228,523,1
228,593,2
228,626,2
228,792,1
228,815,1
228,1100,1
228,1246,1
229,230,1
232,44,1
233,19,1
233,42,1
233,88,1
233,127,1
233,155,1
233,193,27
233,372,2
233,481,2
233,620,1
233,732,1
233,797,2
233,810,10
233,1013,1
233,1037,2
233,1113,1
233,1136,5
233,1647,1
233,1676,7
233,1713,10
233,1738,7
234,50,4
234,53,1
234,144,1
234,166,1
234,183,2
234,194,1
234,220,6
234,297,2
234,309,2
234,391,3
234,583,1
234,596,1
234,638,1
234,642,1
234,686,1
234,708,3
234,815,1
234,969,1
234,1018,2
234,1039,1
234,1136,3
234,1183,1
234,1231,1
234,1244,1
234,1248,2
234,1255,5
234,1312,15
234,1412,1
234,1616,1
234,1624,3
234,1778,1
235,191,3
235,263,1
235,347,1
236,128,18
236,191,4
236,212,2
236,239,1
236,242,1
236,260,1
236,368,4
236,389,12
236,407,4
236,501,8
236,509,1
236,617,1
236,1043,1
236,1421,1
237,32,1
237,191,1
237,308,1
237,711,1
239,175,2
239,191,2
239,236,2
239,349,2
239,823,1
239,950,7
239,1328,2
241,260,1
241,501,4
242,63,8
242,128,4
242,180,4
242,209,4
242,219,1
242,236,1
242,252,1
242,256,1
242,259,2
242,297,19
242,321,3
242,325,3
242,389,6
242,429,5
242,451,1
242,454,12
242,474,1
242,488,1
242,573,2
242,607,1
242,638,2
242,713,1
242,783,5
242,787,1
242,823,8
242,913,3
242,1178,2
242,1217,2
242,1647,3
243,100,1
244,142,6
244,415,6
244,448,6
244,586,5
244,808,3
244,1783,1
245,60,1
245,102,1
245,163,1
245,191,2
245,194,1
245,309,1
245,334,1
245,339,1
245,388,1
245,542,1
245,573,1
245,615,2
245,699,2
245,710,1
245,881,1
245,883,1
245,1049,1
245,1146,1
245,1264,6
245,1283,7
247,248,1
248,247,1
248,283,3
248,374,3
248,375,5
248,603,3
249,8,4
249,32,5
249,42,1
249,44,16
249,52,1
249,61,3
249,63,5
249,67,1
249,72,1
249,85,1
249,96,1
249,97,1
249,144,1
249,152,1
249,163,1
249,175,1
249,194,1
249,212,2
249,282,2
249,288,5
249,297,1
249,299,1
249,302,4
249,318,2
249,357,1
249,358,3
249,378,1
249,389,4
249,393,1
249,394,4
249,402,4
249,437,1
249,447,19
249,454,7
249,474,16
249,475,6
249,483,2
249,495,2
249,502,3
249,503,3
249,518,1
249,523,3
249,525,4
249,547,4
249,561,2
249,569,1
249,582,2
249,592,1
249,596,4
249,598,3
249,605,1
249,607,1
249,615,1
249,617,2
249,621,4
249,626,4
249,654,5
249,659,1
249,678,1
249,708,4
249,711,2
249,713,5
249,719,1
249,725,8
249,734,3
249,779,3
249,783,2
249,801,1
249,809,8
249,817,2
249,819,1
249,843,8
249,852,2
249,861,1
249,865,1
249,868,1
249,886,2
249,919,1
249,928,1
249,964,3
249,967,1
249,969,2
249,974,1
249,983,1
249,997,1
249,1006,1
249,1021,5
249,1026,1
249,1074,1
249,1103,1
249,1111,3
249,1117,2
249,1118,1
249,1130,1
249,1136,9
249,1138,9
249,1142,4
249,1181,4
249,1209,1
249,1217,1
249,1231,2
249,1236,1
249,1238,3
249,1244,5
249,1246,1
249,1255,5
249,1260,9
249,1280,5
249,1283,1
249,1295,5
249,1302,2
249,1304,7
249,1312,4
249,1324,1
249,1343,6
249,1344,1
249,1351,1
249,1353,1
249,1359,3
249,1362,1
249,1376,2
249,1395,6
249,1402,9
249,1421,1
249,1426,1
249,1430,1
249,1470,1
249,1485,3
249,1487,1
249,1488,3
249,1489,6
249,1497,1
249,1504,3
249,1509,1
249,1525,1
249,1540,9
249,1541,1
249,1542,1
249,1546,1
249,1561,3
249,1565,2
249,1568,6
249,1573,1
249,1580,7
249,1585,2
249,1598,1
249,1608,1
249,1619,5
249,1624,1
249,1629,8
249,1644,15
249,1645,1
249,1647,4
249,1648,4
249,1655,3
249,1665,2
249,1673,1
249,1692,1
249,1701,1
249,1706,1
249,1708,1
249,1713,2
249,1718,1
249,1724,2
249,1730,2
249,1731,2
249,1739,2
249,1742,1
250,8,3
250,41,2
250,53,2
250,72,1
250,101,1
250,109,1
250,128,1
250,135,1
250,154,1
250,204,2
250,260,2
250,263,1
250,297,1
250,316,1
250,323,3
250,358,2
250,405,3
250,407,1
250,475,18
250,502,10
250,513,2
250,536,3
250,544,1
250,561,3
250,569,3
250,598,2
250,599,1
250,616,1
250,617,2
250,638,1
250,697,1
250,712,4
250,713,2
250,753,8
250,809,1
250,853,1
250,909,1
250,943,1
250,954,2
250,958,1
250,1026,1
250,1053,1
250,1056,1
250,1068,8
250,1097,1
250,1100,1
250,1112,1
250,1118,4
250,1184,1
250,1255,2
250,1420,1
250,1453,1
250,1665,1
252,6,3
252,73,2
252,97,4
252,105,1
252,242,1
252,297,3
252,350,1
252,376,1
252,387,1
252,389,7
252,391,1
252,433,2
252,456,4
252,463,11
252,472,1
252,481,11
252,513,1
252,542,1
252,595,3
252,598,12
252,607,1
252,616,2
252,638,1
252,687,5
252,757,1
252,765,5
252,766,4
252,783,7
252,815,1
252,831,1
252,935,3
252,1000,1
252,1018,2
252,1026,3
252,1056,2
252,1103,2
252,1236,10
252,1283,1
252,1338,3
252,1402,1
254,8,6
254,30,2
254,266,2
254,272,1
254,277,11
254,281,4
254,297,2
254,299,1
254,302,6
254,308,4
254,311,3
254,337,1
254,343,1
254,344,2
254,352,1
254,358,4
254,378,20
254,396,6
254,408,3
254,482,1
254,495,4
254,561,1
254,576,7
254,596,2
254,598,2
254,605,25
254,626,4
254,654,4
254,659,1
254,673,5
254,697,2
254,701,1
254,739,1
254,758,3
254,840,1
254,874,4
254,973,3
254,986,1
254,1039,13
254,1103,1
254,1136,4
254,1138,1
254,1181,1
254,1190,3
254,1211,5
254,1215,4
254,1216,2
254,1234,2
254,1244,1
254,1247,1
254,1260,6
254,1279,2
254,1283,1
254,1338,1
254,1402,11
254,1573,1
254,1616,1
255,1,1
256,48,2
256,259,1
256,339,1
256,498,2
256,514,1
257,42,5
257,90,1
257,135,1
257,142,7
257,263,1
257,298,6
257,615,2
257,687,1
257,711,6
257,719,3
257,809,1
257,838,1
257,1178,12
257,1183,2
257,1214,1
257,1294,1
257,1349,1
257,1555,1
257,1597,1
257,1610,1
258,76,2
259,48,1
259,242,2
259,256,4
259,260,1
259,289,1
259,299,1
259,343,1
259,532,1
259,598,2
259,617,1
259,638,1
259,1732,1
260,9,1
260,51,10
260,79,2
260,103,3
260,127,3
260,174,5
260,181,2
260,199,2
260,211,2
260,236,3
260,241,1
260,250,2
260,267,1
260,283,6
260,287,1
260,338,3
260,386,1
260,398,1
260,430,1
260,448,1
260,509,4
260,567,1
260,571,1
260,688,2
260,704,1
260,830,1
260,949,5
260,950,3
260,1028,1
260,1104,2
260,1107,1
260,1406,1
260,1783,1
261,256,1
261,353,1
261,392,2
261,835,19
263,32,1
263,42,2
263,72,1
263,132,3
263,176,1
263,191,1
263,212,1
263,222,1
263,239,2
263,254,3
263,257,1
263,272,1
263,277,8
263,281,14
263,297,10
263,308,11
263,311,4
263,315,3
263,316,13
263,317,2
263,332,2
263,337,5
263,344,2
263,352,1
263,377,1
263,378,1
263,389,1
263,391,3
263,393,2
263,405,9
263,409,2
263,449,1
263,454,1
263,460,1
263,472,2
263,479,1
263,495,3
263,503,1
263,513,8
263,527,2
263,588,2
263,642,2
263,647,3
263,679,2
263,687,1
263,762,6
263,840,1
263,843,1
263,989,1
263,992,1
263,1298,1
264,158,1
266,8,1
266,48,1
266,50,1
266,68,1
266,72,3
266,97,2
266,103,1
266,112,1
266,124,1
266,155,1
266,172,1
266,214,1
266,220,1
266,228,1
266,236,1
266,242,1
266,243,1
266,252,1
266,289,1
266,299,1
266,321,1
266,325,1
266,367,1
266,368,1
266,388,1
266,429,1
266,437,1
266,449,1
266,475,5
266,481,1
266,482,1
266,502,1
266,522,1
266,542,1
266,554,1
266,557,1
266,571,1
266,573,1
266,577,1
266,583,1
266,590,1
266,596,1
266,617,1
266,626,1
266,627,1
266,637,1
266,638,1
266,642,1
266,645,1
266,649,1
266,650,1
266,651,1
266,652,1
266,653,1
266,658,2
266,661,1
266,663,2
266,666,1
266,676,1
266,677,1
266,680,1
266,687,1
266,688,1
266,691,1
266,692,1
266,693,1
266,694,1
266,695,1
267,51,2
267,256,1
267,260,1
268,149,1
269,90,2
269,638,1
269,1045,2
271,27,3
271,101,1
271,194,4
271,277,3
271,638,1
271,713,3
271,899,1
271,1644,1
272,260,1
272,263,2
272,273,2
272,281,1
272,297,4
272,306,7
272,308,2
272,316,4
272,337,4
272,448,2
272,468,2
272,503,1
272,509,5
272,605,8
272,617,6
272,632,5
272,654,5
272,674,1
272,1253,2
272,1296,1
272,1449,2
273,272,1
273,522,1
273,1002,1
274,6,6
274,32,1
274,48,2
274,74,1
274,201,5
274,212,1
274,376,1
274,416,1
274,462,2
274,481,4
274,597,1
274,639,2
274,644,1
274,645,2
274,703,1
274,719,1
274,720,1
275,20,1
276,8,1
276,190,1
276,711,4
276,713,1
276,735,1
276,792,1
276,852,4
276,903,1
276,924,2
276,1260,1
276,1343,2
276,1683,1
277,6,1
277,34,1
277,41,5
277,50,1
277,51,3
277,68,1
277,73,2
277,74,2
277,79,1
277,80,17
277,103,6
277,124,1
277,172,5
277,176,38
277,184,6
277,191,5
277,194,2
277,252,5
277,254,17
277,263,9
277,271,2
277,283,7
277,299,3
277,308,1
277,321,2
277,352,2
277,361,1
277,362,3
277,376,1
277,414,1
277,417,2
277,422,2
277,448,3
277,468,6
277,481,5
277,482,4
277,496,5
277,497,2
277,498,2
277,514,1
277,518,1
277,567,1
277,583,1
277,594,3
277,602,1
277,603,5
277,605,15
277,609,48
277,615,16
277,644,5
277,649,24
277,652,4
277,673,4
277,687,5
277,770,21
277,777,7
277,778,2
277,794,1
277,797,2
277,815,1
277,823,6
277,830,9
277,871,4
277,884,1
277,950,10
277,990,4
277,993,5
277,1004,6
277,1014,1
277,1023,15
277,1032,7
277,1054,2
277,1066,6
277,1093,1
277,1185,4
277,1186,5
277,1213,1
277,1236,1
277,1241,1
277,1320,1
277,1381,1
277,1508,1
277,1688,5
277,1713,1
277,1741,1
278,6,2
278,27,10
278,63,1
278,308,1
278,638,1
278,883,2
278,1039,2
278,1215,3
278,1248,3
280,321,1
281,1,1
281,32,8
281,67,2
281,144,2
281,252,1
281,254,7
281,263,18
281,302,8
281,308,25
281,314,2
281,316,1
281,317,15
281,323,33
281,332,9
281,337,4
281,352,2
281,358,3
281,402,3
281,561,4
281,708,17
281,781,3
281,1110,1
281,1190,2
281,1271,1
281,1280,11
281,1281,7
281,1312,2
281,1343,9
281,1580,1
281,1624,6
281,1648,4
282,9,3
282,34,9
282,66,1
282,67,2
282,101,2
282,103,1
282,109,2
282,193,1
282,214,2
282,256,1
282,456,6
282,462,7
282,1071,5
282,1079,1
282,1364,2
282,1543,1
282,1627,1
282,1713,6
283,32,2
283,41,3
283,69,1
283,72,2
283,144,3
283,194,3
283,248,3
283,260,2
283,277,8
283,297,3
283,375,2
283,379,1
283,445,6
283,515,1
283,583,1
283,615,1
283,628,1
283,687,2
283,766,5
283,815,3
283,823,1
283,840,1
283,843,3
283,853,2
283,928,1
283,1284,1
283,1338,1
283,1343,1
283,1393,5
283,1502,6
283,1556,2
285,422,2
285,536,1
285,843,2
285,1097,2
285,1126,1
285,1255,3
285,1284,1
285,1328,1
285,1497,1
286,34,3
286,202,4
286,221,3
286,339,1
286,367,1
286,400,6
286,416,1
286,468,1
286,549,1
286,991,2
286,1000,1
286,1756,3
288,34,1
288,42,1
288,50,2
288,51,2
288,105,5
288,211,2
288,294,1
288,368,4
288,470,6
288,620,2
288,1018,1
288,1162,3
288,1183,3
288,1193,1
288,1440,3
289,8,1
289,65,2
289,86,1
289,97,7
289,135,1
289,149,5
289,183,2
289,212,3
289,220,1
289,306,1
289,319,1
289,359,1
289,365,2
289,371,4
289,375,1
289,389,2
289,391,5
289,392,12
289,419,1
289,429,1
289,437,1
289,449,5
289,454,3
289,460,1
289,463,2
289,504,3
289,517,1
289,536,2
289,538,5
289,569,1
289,596,1
289,598,6
289,599,4
289,600,1
289,638,1
289,649,2
289,673,2
289,835,23
289,1126,1
289,1807,1
290,44,1
290,63,1
290,144,1
290,408,1
291,32,2
291,42,1
291,72,1
291,292,1
291,393,2
291,520,1
291,1787,2
294,42,1
294,51,13
294,103,2
294,250,3
294,288,1
294,339,1
294,368,6
294,372,1
294,456,1
294,513,1
294,580,1
294,830,2
294,831,4
294,1397,1
294,1549,1
295,296,1
296,42,1
296,50,1
296,63,4
296,172,1
296,194,13
296,199,2
296,295,4
296,302,1
296,353,2
296,355,2
296,375,2
296,445,4
296,516,3
296,544,2
296,550,1
296,781,3
296,823,6
296,835,2
296,928,3
296,974,1
296,975,1
296,1000,1
296,1083,2
296,1127,1
296,1138,2
296,1244,1
296,1339,3
296,1346,1
296,1565,1
297,34,3
297,62,2
297,63,3
297,75,3
297,88,2
297,131,8
297,172,1
297,176,2
297,191,1
297,234,6
297,242,22
297,248,2
297,249,1
297,250,1
297,252,2
297,254,2
297,263,13
297,272,11
297,283,5
297,289,2
297,321,4
297,325,14
297,327,1
297,334,1
297,337,10
297,349,7
297,372,11
297,422,25
297,448,4
297,481,1
297,482,9
297,484,3
297,497,1
297,498,1
297,513,2
297,542,13
297,557,3
297,560,1
297,573,10
297,598,2
297,602,1
297,609,5
297,615,10
297,640,4
297,678,1
297,683,3
297,714,1
297,727,1
297,733,3
297,738,2
297,777,5
297,778,1
297,795,1
297,797,2
297,814,4
297,830,4
297,834,1
297,871,3
297,884,2
297,950,8
297,999,20
297,1001,4
297,1158,12
297,1183,1
297,1189,2
297,1283,2
297,1339,5
297,1381,1
297,1583,1
298,257,6
298,323,16
298,353,5
298,518,3
298,573,17
298,598,1
298,687,3
298,758,2
298,970,2
298,1127,1
298,1283,1
298,1332,1
298,1353,1
298,1488,1
299,6,1
299,34,2
299,95,1
299,209,1
299,254,1
299,321,4
299,399,1
299,462,4
299,705,1
299,1083,1
299,1175,4
300,52,1
300,321,1
300,368,1
300,384,2
300,468,1
300,1657,1
300,1702,1
301,63,1
302,42,1
302,51,1
302,74,2
302,118,1
302,119,2
302,128,1
302,138,2
302,155,4
302,193,9
302,214,1
302,254,5
302,281,3
302,296,2
302,372,1
302,393,1
302,403,1
302,449,2
302,456,1
302,497,1
302,509,1
302,557,23
302,558,1
302,617,1
302,652,2
302,654,5
302,674,2
302,704,1
302,749,1
302,769,1
302,799,1
302,823,1
302,1000,1
302,1004,1
302,1174,1
302,1185,1
302,1187,2
302,1238,1
302,1392,1
302,1543,1
302,1698,1
303,6,2
303,72,1
303,167,1
303,194,3
303,212,19
303,294,1
303,298,4
303,316,3
303,389,2
303,513,1
303,598,1
303,835,2
303,840,2
303,919,3
303,1118,1
303,1215,4
303,1535,1
303,1548,2
303,1724,1
304,228,1
305,212,2
305,306,2
305,475,1
305,521,1
306,42,1
306,212,4
306,239,1
306,272,6
306,285,1
306,305,4
306,308,1
306,309,2
306,352,1
306,388,1
306,394,1
306,408,3
306,438,3
306,439,1
306,503,3
306,509,3
306,513,1
306,540,1
306,555,1
306,570,1
306,592,1
306,616,2
306,626,1
306,627,1
306,676,1
306,679,1
306,777,2
306,778,1
306,783,3
306,843,1
306,871,2
306,952,2
306,964,1
306,1019,1
306,1115,1
306,1117,1
306,1122,1
306,1228,2
306,1274,1
306,1283,4
306,1449,1
307,6,8
307,48,3
307,51,1
307,67,2
307,189,3
307,254,4
307,281,4
307,309,2
307,317,15
307,325,1
307,341,12
307,368,1
307,509,1
307,642,3
307,777,1
307,1183,2
308,32,1
308,60,8
308,68,1
308,97,1
308,105,1
308,146,1
308,155,2
308,163,1
308,185,1
308,220,1
308,237,1
308,254,5
308,263,5
308,272,2
308,273,2
308,278,1
308,281,27
308,306,1
308,311,6
308,315,1
308,316,3
308,317,4
308,332,2
308,333,4
308,336,2
308,337,1
308,352,1
308,371,1
308,373,10
308,415,1
308,422,5
308,431,1
308,435,1
308,454,2
308,456,1
308,520,2
308,523,2
308,538,1
308,540,5
308,545,1
308,549,1
308,561,3
308,566,1
308,583,2
308,586,2
308,595,1
308,615,1
308,626,2
308,638,1
308,674,1
308,701,2
308,726,1
308,739,4
308,753,1
308,759,1
308,769,2
308,783,1
308,792,1
308,794,1
308,823,3
308,835,2
308,849,1
308,863,1
308,929,1
308,930,1
308,931,1
308,967,2
308,990,1
308,1004,2
308,1014,1
308,1026,1
308,1042,2
308,1056,1
308,1068,1
308,1118,6
308,1185,1
308,1312,2
308,1346,1
308,1463,1
308,1517,1
308,1601,3
308,1641,1
308,1655,1
308,1762,7
309,52,2
309,80,1
309,175,1
309,212,2
309,234,1
309,245,1
309,306,1
309,307,2
309,352,2
309,368,1
309,391,1
309,502,3
309,520,1
309,540,1
309,626,1
309,639,1
309,712,1
309,754,1
309,765,1
309,798,1
309,823,1
309,840,1
309,848,1
309,913,1
309,937,1
309,1103,2
309,1125,1
309,1131,1
309,1139,1
309,1182,3
309,1186,1
309,1391,2
309,1421,1
309,1467,4
309,1497,1
309,1508,2
310,72,1
310,97,1
310,405,3
311,48,2
311,50,1
311,254,2
311,308,2
311,317,1
311,321,1
311,350,1
311,365,2
311,399,1
311,400,1
311,567,2
311,1037,1
312,1,31
312,3,3
312,132,4
312,194,1
312,644,2
312,851,1
312,1014,1
312,1626,7
312,1728,1
313,1,1
313,34,15
313,38,6
313,63,1
313,75,4
313,78,1
313,127,1
313,228,1
313,801,8
313,834,1
314,34,4
314,48,6
314,51,2
314,95,2
314,103,3
314,131,5
314,228,4
314,254,1
314,281,2
314,308,2
314,333,4
314,342,1
314,372,7
314,400,1
314,479,5
314,542,2
314,644,1
314,731,1
314,834,6
314,966,3
314,992,1
314,1185,1
314,1296,1
314,1449,1
315,263,1
315,777,1
315,778,1
315,840,1
315,993,4
315,994,3
316,74,5
316,102,6
316,181,2
316,250,1
316,263,14
316,281,1
316,303,1
316,308,4
316,325,13
316,327,1
316,355,54
316,390,1
316,496,1
316,509,3
316,714,1
316,726,7
316,777,2
316,955,1
317,6,3
317,32,1
317,105,1
317,191,3
317,254,13
317,263,11
317,281,17
317,307,7
317,308,33
317,309,1
317,311,4
317,315,3
317,316,3
317,319,3
317,325,2
317,333,4
317,343,1
317,367,3
317,368,3
317,394,1
317,398,1
317,408,1
317,429,1
317,477,3
317,479,3
317,482,1
317,538,3
317,571,1
317,605,18
317,617,2
317,626,1
317,659,1
317,679,5
317,680,1
317,701,1
317,711,1
317,739,2
317,749,2
317,840,2
317,992,2
317,1011,1
317,1111,2
317,1120,1
317,1168,1
317,1171,1
317,1181,1
317,1184,4
317,1260,1
317,1281,1
317,1283,1
317,1534,1
318,34,6
318,67,2
318,72,1
318,124,4
318,132,1
318,325,1
318,513,1
318,802,1
318,966,1
318,984,1
318,995,2
318,1042,2
318,1127,2
318,1285,2
318,1543,3
318,1601,1
318,1736,1
319,34,3
319,95,3
319,317,1
319,325,3
319,333,3
319,337,1
319,338,7
319,342,1
319,349,1
319,438,1
319,540,1
319,926,1
319,1075,1
319,1127,2
321,3,1
321,8,1
321,52,2
321,68,4
321,72,5
321,75,2
321,84,1
321,88,1
321,119,2
321,120,1
321,144,1
321,154,1
321,172,1
321,174,1
321,175,1
321,177,1
321,191,1
321,203,1
321,209,2
321,212,5
321,228,1
321,233,1
321,236,2
321,242,4
321,263,1
321,270,1
321,277,1
321,278,1
321,280,2
321,288,3
321,297,3
321,299,4
321,300,3
321,306,1
321,309,2
321,311,2
321,313,2
321,316,3
321,325,1
321,343,1
321,344,3
321,348,1
321,349,1
321,352,1
321,358,2
321,359,2
321,365,5
321,368,6
321,371,1
321,372,1
321,373,1
321,376,4
321,389,1
321,392,54
321,396,2
321,402,2
321,405,4
321,411,2
321,412,1
321,437,5
321,449,2
321,450,1
321,454,14
321,460,12
321,464,1
321,466,1
321,472,1
321,476,1
321,479,1
321,480,4
321,481,2
321,482,1
321,487,3
321,489,1
321,490,1
321,491,3
321,495,3
321,500,1
321,502,5
321,504,1
321,506,1
321,507,1
321,538,2
321,550,1
321,587,1
321,593,1
321,595,5
321,598,1
321,607,3
321,609,2
321,616,3
321,626,1
321,663,1
321,675,1
321,713,1
321,721,3
321,754,4
321,758,3
321,765,2
321,766,5
321,774,1
321,783,2
321,784,1
321,798,1
321,1260,1
322,652,1
322,1021,3
322,1056,1
322,1127,1
322,1217,3
322,1402,1
323,34,2
323,42,25
323,48,26
323,67,1
323,68,76
323,73,3
323,75,6
323,88,42
323,97,1
323,98,5
323,102,5
323,105,3
323,124,16
323,142,1
323,161,2
323,181,2
323,191,3
323,234,1
323,250,14
323,276,1
323,281,61
323,285,5
323,289,1
323,298,86
323,308,5
323,325,2
323,333,1
323,337,1
323,339,10
323,340,2
323,341,81
323,346,4
323,350,1
323,356,2
323,367,77
323,372,1
323,373,2
323,395,1
323,400,13
323,413,2
323,418,1
323,421,2
323,431,1
323,455,1
323,456,1
323,458,1
323,482,1
323,514,1
323,557,66
323,560,1
323,617,2
323,632,16
323,636,4
323,637,1
323,638,1
323,640,21
323,642,29
323,643,15
323,645,4
323,646,1
323,678,1
323,687,1
323,704,4
323,719,4
323,725,7
323,728,5
323,732,2
323,741,33
323,753,23
323,758,13
323,779,2
323,834,10
323,865,3
323,950,20
323,966,13
323,991,4
323,996,1
323,999,6
323,1006,3
323,1007,1
323,1014,5
323,1036,9
323,1042,10
323,1044,1
323,1047,2
323,1073,3
323,1083,4
323,1124,2
323,1164,1
323,1235,1
323,1267,6
323,1283,1
323,1297,32
323,1339,12
323,1347,3
323,1449,1
324,34,1
324,51,16
324,128,2
324,329,9
324,1537,1
325,6,2
325,42,1
325,61,1
325,72,2
325,97,26
325,109,1
325,128,2
325,194,2
325,242,2
325,316,10
325,318,1
325,319,1
325,323,1
325,326,1
325,344,1
325,378,4
325,379,1
325,391,4
325,437,1
325,479,3
325,482,14
325,483,1
325,513,4
325,523,3
325,532,2
325,542,11
325,548,1
325,549,6
325,553,1
325,559,1
325,560,1
325,567,2
325,573,1
325,583,2
325,598,4
325,607,3
325,625,7
325,632,4
325,642,2
325,644,4
325,645,3
325,683,3
325,707,1
325,712,2
325,713,2
325,743,1
325,760,4
325,783,3
325,817,1
325,823,1
325,831,1
325,840,1
325,859,1
325,874,2
325,924,1
325,926,2
325,938,2
325,941,1
325,952,1
325,1033,4
325,1049,3
325,1059,1
325,1069,3
325,1072,8
325,1158,1
325,1169,1
325,1181,1
325,1211,2
325,1243,2
325,1248,1
325,1260,1
325,1281,5
325,1283,1
325,1292,1
325,1402,2
325,1423,1
326,325,1
326,552,1
326,688,1
326,701,3
326,883,1
327,97,1
327,144,1
327,297,1
327,316,1
327,463,1
327,589,2
327,617,1
327,765,1
327,774,2
327,784,1
327,798,1
327,938,1
327,1103,1
327,1255,1
327,1598,1
328,52,1
328,581,2
329,142,1
329,324,8
329,333,1
329,415,2
329,468,1
329,615,1
329,1510,2
329,1537,2
332,63,1
332,263,2
332,281,27
332,308,6
332,316,1
332,333,1
332,352,4
332,527,1
332,840,1
332,908,1
332,919,1
332,1393,2
333,42,1
333,308,3
333,314,1
333,317,6
333,319,2
333,329,1
333,1227,1
334,62,2
334,128,7
334,194,3
334,245,1
334,297,1
334,358,1
334,364,4
334,429,1
334,437,2
334,523,3
334,540,1
334,687,1
334,815,1
334,823,1
334,840,2
334,928,7
334,1002,1
334,1283,1
334,1442,2
334,1603,1
335,6,18
335,19,1
335,34,13
335,50,2
335,60,3
335,72,13
335,88,1
335,98,3
335,115,1
335,155,2
335,174,2
335,191,2
335,263,1
335,278,1
335,356,3
335,365,1
335,368,11
335,373,4
336,294,1
336,308,1
336,315,1
336,333,2
336,368,4
336,536,4
337,63,1
337,72,2
337,105,2
337,142,1
337,220,4
337,254,3
337,260,1
337,263,4
337,272,3
337,281,14
337,297,8
337,317,1
337,352,1
337,367,1
337,398,1
337,474,2
337,504,3
337,509,2
337,583,1
337,598,2
337,605,5
337,626,1
337,632,1
337,649,3
337,673,2
337,700,1
337,769,2
337,771,1
337,777,2
337,840,3
337,966,1
337,1042,2
337,1168,3
337,1283,1
337,1415,2
337,1598,1
337,1624,1
337,1641,1
337,1648,1
338,63,1
338,97,1
338,144,1
338,260,1
338,319,2
338,343,1
338,348,3
338,386,1
338,454,7
338,475,2
338,595,1
338,1104,1
338,1107,1
338,1244,3
338,1302,8
339,63,2
339,212,1
339,245,1
339,256,1
339,286,1
339,289,1
339,314,1
339,323,2
339,437,1
339,441,1
339,462,1
339,463,4
339,475,1
339,493,2
339,495,1
339,598,2
339,626,1
339,698,2
339,711,2
339,713,1
339,792,1
339,913,1
339,1000,1
339,1066,1
339,1068,1
339,1236,2
339,1402,3
339,1426,1
340,56,2
340,368,1
341,6,1
341,157,3
341,307,11
341,323,54
341,353,4
341,460,1
341,475,1
341,578,1
341,638,1
341,686,3
341,697,1
341,701,2
341,711,5
341,793,1
341,831,1
341,840,1
341,863,1
341,950,3
341,1056,3
341,1072,3
341,1093,1
341,1132,2
341,1138,6
341,1181,2
341,1255,16
341,1280,1
341,1338,11
341,1373,1
341,1395,2
341,1423,7
341,1624,1
341,1792,2
342,8,1
342,27,1
342,63,9
342,142,2
342,173,2
342,194,4
342,239,2
342,260,1
342,319,4
342,323,1
342,364,4
342,379,1
342,389,1
342,454,2
342,460,1
342,495,5
342,502,10
342,523,2
342,544,9
342,561,14
342,583,1
342,588,7
342,598,10
342,626,7
342,638,11
342,658,2
342,698,2
342,753,2
342,783,2
342,784,1
342,797,4
342,798,1
342,809,2
342,815,2
342,840,1
342,843,5
342,969,4
342,971,4
342,975,2
342,1015,1
342,1039,20
342,1040,2
342,1050,1
342,1068,3
342,1097,4
342,1216,1
342,1244,1
342,1255,1
342,1268,8
342,1302,2
342,1362,6
342,1384,1
342,1406,1
342,1417,2
342,1431,2
342,1462,1
342,1497,3
342,1578,1
342,1585,1
342,1603,2
342,1848,2
343,6,1
343,62,2
343,73,1
343,74,1
343,317,1
343,338,1
343,350,3
343,386,2
343,424,1
343,438,1
343,688,1
343,735,1
343,755,1
343,790,1
343,1242,1
344,42,1
344,128,1
344,172,1
344,194,1
344,209,1
344,254,1
344,263,2
344,403,5
345,56,2
345,95,2
345,103,3
345,141,1
345,259,1
345,318,2
345,346,4
345,361,1
345,518,2
345,691,3
345,946,1
345,947,1
345,1058,1
346,8,1
346,204,1
346,220,1
346,345,3
346,366,2
346,388,1
346,590,3
346,598,1
346,654,2
346,679,1
346,817,2
346,838,1
346,840,1
346,977,1
346,995,1
346,1062,1
346,1189,2
346,1248,1
346,1284,1
346,1346,6
346,1353,2
346,1419,1
346,1453,1
346,1616,1
346,1629,1
346,1644,4
346,1655,1
346,1734,1
346,1749,2
347,191,1
348,338,1
349,8,2
349,32,1
349,97,1
349,147,2
349,297,1
349,319,1
349,391,1
349,511,2
349,655,3
349,753,1
350,6,4
350,299,2
350,311,2
350,323,7
350,335,2
350,343,12
350,358,2
350,365,3
350,376,4
350,436,1
350,439,1
350,447,1
350,480,1
350,481,2
350,576,1
350,592,3
350,605,2
350,617,12
350,626,14
350,632,1
350,713,1
350,753,1
350,802,3
350,860,1
350,872,3
350,1102,1
350,1168,3
350,1353,1
350,1551,3
351,99,1
351,299,1
351,598,1
351,658,3
351,815,1
352,97,1
352,309,3
352,332,1
352,503,2
352,840,2
352,908,1
352,1358,1
352,1509,1
353,42,4
353,194,4
353,254,2
353,261,1
353,296,2
353,298,4
353,341,3
353,372,7
353,392,3
353,482,2
353,504,3
353,598,1
353,645,1
353,654,1
353,725,1
353,793,4
353,950,11
353,1062,1
353,1113,1
353,1183,1
353,1187,1
353,1283,2
353,1284,1
353,1326,1
353,1365,1
353,1717,1
353,1722,1
353,1772,1
354,398,7
354,1373,2
355,102,10
355,181,3
355,193,7
355,194,1
355,209,1
355,296,1
355,316,56
356,63,1
356,335,1
356,474,1
356,536,1
356,543,4
356,711,3
356,792,1
356,840,1
356,843,1
356,1255,1
356,1281,3
356,1419,1
356,1420,1
356,1501,2
357,8,2
357,52,1
357,53,1
357,63,1
357,65,1
357,72,3
357,120,1
357,128,1
357,134,3
357,135,1
357,143,2
357,152,1
357,154,2
357,168,2
357,175,1
357,194,1
357,299,1
357,306,1
357,314,1
357,343,2
357,358,3
357,378,2
357,379,2
357,389,1
357,393,1
357,396,3
357,402,1
357,405,2
357,407,2
357,409,20
357,428,1
357,429,2
357,437,1
357,449,1
357,454,1
357,460,1
357,464,1
357,466,1
357,474,6
357,475,1
357,476,1
357,480,1
357,501,1
357,502,11
357,523,1
357,525,8
357,527,1
357,528,1
357,538,1
357,592,1
357,593,1
357,598,2
357,605,1
357,617,1
357,626,4
357,638,3
357,654,1
357,659,2
357,701,2
357,708,3
357,711,1
357,713,1
357,753,1
357,758,16
357,774,1
357,783,2
357,792,7
357,798,1
357,802,1
357,809,3
357,816,1
357,817,1
357,818,3
357,835,1
357,840,1
357,843,1
357,903,1
357,938,2
357,964,1
357,967,1
357,973,2
357,974,1
357,986,5
357,988,1
357,992,1
357,1015,1
357,1039,2
357,1041,3
357,1062,1
357,1068,3
357,1103,1
357,1111,1
357,1118,9
357,1136,1
357,1142,2
357,1161,1
357,1169,5
357,1178,3
357,1181,4
357,1182,1
357,1184,1
357,1190,1
357,1208,1
357,1217,1
357,1244,1
357,1248,1
357,1253,9
357,1260,1
357,1284,1
357,1291,2
357,1304,1
357,1343,1
357,1359,1
357,1362,2
357,1363,1
357,1387,1
357,1402,1
357,1403,4
357,1417,1
357,1426,2
357,1431,1
357,1521,1
357,1546,1
357,1554,13
357,1565,1
357,1568,1
357,1582,1
357,1585,1
357,1598,1
357,1603,2
357,1616,2
357,1624,5
357,1644,5
357,1701,1
357,1796,1
358,32,1
358,88,2
358,105,2
358,250,2
358,254,3
358,281,3
358,357,1
358,400,1
358,431,2
358,479,1
358,719,1
358,847,4
358,991,2
358,1484,2
358,1686,3
359,144,1
359,368,10
359,460,3
361,311,3
361,389,2
361,460,1
361,463,2
361,638,2
361,697,1
361,773,1
361,788,1
361,809,2
361,864,2
361,913,1
361,1026,1
361,1056,4
361,1069,1
361,1255,1
361,1402,4
361,1417,1
361,1436,2
361,1587,1
361,1641,1
361,1749,1
362,765,1
362,783,1
362,928,1
362,1421,1
363,364,1
363,454,6
363,475,3
363,502,1
363,713,1
363,816,1
364,342,1
364,429,1
364,509,2
364,532,5
364,771,3
364,815,4
364,830,1
364,939,1
364,993,2
365,79,1
365,95,3
365,191,2
365,209,1
365,289,1
365,311,2
365,399,2
365,448,1
365,540,5
366,12,1
366,67,1
366,346,2
366,1349,4
366,1601,1
367,88,1
367,105,4
367,317,5
367,323,45
367,337,1
367,368,1
367,393,1
367,479,3
367,598,1
367,642,2
367,687,1
367,1184,2
367,1231,1
367,1248,3
367,1346,3
367,1540,3
367,1624,1
368,52,2
368,162,2
368,194,3
368,221,2
368,236,7
368,288,5
368,294,2
368,300,2
368,309,3
368,322,1
368,340,2
368,359,10
368,367,2
368,371,2
368,388,2
368,394,2
368,401,3
368,404,2
368,441,1
368,454,2
368,460,2
368,468,1
368,482,3
368,483,4
368,514,4
368,538,1
368,542,3
368,545,1
368,549,2
368,594,5
368,604,1
368,736,1
368,966,2
368,992,3
368,1021,1
368,1236,3
368,1283,1
370,101,1
370,278,1
370,568,1
370,765,1
370,1417,1
370,1617,1
371,95,1
371,191,1
371,289,1
371,306,2
371,308,1
371,368,1
371,377,1
371,400,1
371,590,2
371,636,2
371,789,1
372,26,1
372,72,7
372,73,1
372,97,6
372,103,6
372,128,7
372,212,7
372,233,5
372,236,1
372,242,1
372,278,1
372,297,5
372,311,1
372,314,5
372,353,11
372,355,1
372,365,1
372,368,5
372,371,1
372,375,5
372,376,3
372,378,1
372,385,1
372,389,10
372,391,3
372,392,7
372,393,6
372,396,11
372,402,1
372,407,9
372,409,1
372,429,8
372,437,15
372,445,2
372,448,1
372,454,7
372,460,6
372,461,2
372,466,3
372,473,4
372,475,1
372,482,17
372,489,4
372,495,12
372,504,1
372,508,5
372,513,4
372,514,1
372,527,5
372,536,14
372,538,3
372,560,1
372,569,30
372,592,6
372,595,6
372,598,1
372,605,2
372,621,1
372,639,6
372,652,2
372,673,4
372,711,1
372,713,4
372,753,3
372,758,5
372,761,4
372,765,10
372,766,21
372,769,1
372,792,2
372,798,1
372,799,3
372,809,1
372,818,1
372,823,3
372,831,8
372,835,4
372,843,3
372,844,1
372,864,3
372,874,1
372,878,1
372,919,5
372,928,7
372,938,4
372,952,1
372,969,7
372,975,1
372,988,4
372,1005,2
372,1014,1
372,1018,2
372,1050,2
372,1111,2
372,1117,2
372,1127,1
372,1163,1
372,1184,1
372,1189,4
372,1209,2
372,1244,1
372,1246,1
372,1268,1
372,1280,1
372,1283,2
372,1343,2
372,1352,1
372,1354,2
372,1359,2
372,1362,1
372,1377,1
372,1381,5
372,1402,13
372,1412,4
372,1489,1
372,1493,1
372,1529,1
372,1540,3
372,1542,1
372,1580,4
372,1624,2
373,308,9
373,311,4
373,638,1
373,992,3
373,1023,1
374,248,1
375,32,2
375,68,1
375,167,1
375,194,1
375,248,4
375,283,1
375,296,1
375,372,1
375,496,1
375,603,2
375,884,1
375,912,8
375,944,1
375,1185,1
375,1189,1
376,6,2
376,50,3
376,191,2
376,194,1
376,212,1
376,252,2
376,372,1
376,377,2
376,481,2
376,514,1
376,687,2
376,811,1
376,824,2
376,1183,1
377,3,2
377,32,4
377,48,3
377,50,1
377,95,1
377,103,3
377,144,1
377,272,2
377,281,2
377,288,1
377,289,1
377,306,1
377,313,2
377,332,1
377,343,5
377,371,1
377,415,5
377,475,3
377,482,2
377,592,1
377,615,2
377,627,1
377,704,1
377,755,11
377,777,1
377,790,2
377,814,1
377,856,1
377,871,1
377,941,1
377,942,2
377,950,2
377,992,1
377,1019,1
377,1047,1
377,1051,1
377,1060,3
377,1117,4
377,1122,1
377,1185,2
377,1283,1
377,1507,1
378,6,10
378,32,6
378,67,1
378,74,2
378,103,2
378,193,8
378,254,18
378,263,1
378,325,4
378,372,1
378,396,34
378,407,2
378,425,3
378,481,2
378,498,7
378,586,10
378,644,7
378,812,1
378,994,1
378,1539,1
378,1713,1
379,32,3
379,51,1
379,73,4
379,74,7
379,289,4
379,341,1
379,349,1
379,432,2
379,450,1
379,482,1
379,542,2
379,683,1
379,1034,1
379,1433,1
384,300,1
384,1748,1
385,3,1
385,63,3
385,70,1
385,274,1
385,638,1
386,50,3
386,260,1
386,343,2
386,387,4
386,399,1
386,422,5
386,514,1
386,609,1
386,790,1
387,252,1
387,386,4
387,481,1
388,212,7
388,245,1
388,306,2
388,346,1
388,368,1
388,405,2
388,408,3
388,439,2
388,513,9
388,514,4
388,590,2
388,596,2
388,627,6
388,636,1
388,638,3
388,639,3
388,681,2
388,721,1
388,737,1
388,761,3
388,795,1
388,835,2
388,882,1
388,1019,5
389,29,1
389,41,3
389,62,4
389,68,5
389,73,2
389,74,1
389,184,1
389,193,9
389,194,1
389,236,13
389,242,6
389,249,3
389,252,11
389,254,2
389,263,1
389,289,2
389,303,2
389,342,1
389,361,2
389,372,1
389,422,7
389,424,2
389,448,1
389,454,1
389,456,1
389,467,2
389,482,10
389,494,5
389,496,1
389,498,4
389,509,6
389,542,9
389,559,1
389,573,3
389,598,1
389,609,3
389,619,1
389,640,5
389,644,1
389,652,4
389,667,1
389,727,2
389,797,1
389,830,26
389,950,6
389,1042,1
389,1059,2
389,1189,1
389,1269,1
389,1281,2
389,1283,1
389,1285,1
389,1413,1
389,1438,1
389,1472,6
389,1576,2
389,1630,1
389,1688,1
390,316,1
391,12,1
391,68,3
391,73,1
391,84,1
391,103,1
391,234,1
391,252,1
391,263,3
391,289,4
391,309,1
391,325,4
391,349,2
391,372,2
391,400,2
391,422,1
391,555,2
391,609,2
391,667,2
392,30,1
392,42,4
392,72,7
392,103,5
392,127,2
392,172,1
392,228,13
392,261,2
392,306,1
392,321,17
392,353,3
392,372,1
392,383,1
392,400,4
392,448,2
392,466,3
392,475,5
392,502,3
392,514,3
392,538,1
392,739,1
392,815,1
392,950,1
392,998,2
392,1051,1
392,1054,1
392,1295,6
392,1315,6
392,1660,1
392,1699,1
393,32,1
393,54,1
393,62,2
393,87,1
393,191,6
393,193,5
393,249,1
393,263,12
393,291,2
393,346,1
393,372,7
393,394,2
393,431,3
393,462,12
393,498,3
393,573,2
393,644,1
393,679,14
393,738,5
393,800,2
393,834,5
393,870,1
393,942,1
393,963,1
393,1111,2
393,1190,10
393,1285,3
393,1346,1
393,1516,1
393,1585,1
393,1601,1
393,1657,1
393,1686,1
394,42,1
394,131,3
394,177,1
394,212,2
394,249,1
394,263,1
394,306,1
394,317,1
394,368,1
394,393,3
394,422,4
394,429,1
394,456,3
394,504,1
394,522,1
394,576,2
394,586,2
394,652,1
394,676,2
394,738,1
394,1004,2
394,1111,1
394,1190,13
394,1298,1
394,1526,1
394,1568,1
394,1582,1
395,8,4
395,175,1
395,394,1
395,447,1
396,67,1
396,74,1
396,124,4
396,181,1
396,191,5
396,214,5
396,254,5
396,372,2
396,378,25
396,399,1
396,400,11
396,407,2
396,425,2
396,456,1
396,481,8
396,586,5
396,679,11
396,770,1
396,1472,1
398,6,4
398,8,2
398,12,5
398,27,16
398,72,2
398,74,5
398,90,1
398,97,1
398,105,17
398,132,5
398,134,2
398,144,3
398,164,1
398,175,2
398,209,1
398,254,2
398,260,1
398,291,1
398,308,10
398,313,3
398,317,2
398,335,1
398,337,2
398,354,9
398,365,2
398,368,8
398,378,9
398,394,2
398,396,1
398,405,22
398,447,10
398,456,2
398,463,4
398,465,16
398,468,2
398,471,1
398,479,1
398,480,1
398,483,1
398,502,4
398,509,1
398,546,2
398,673,1
398,679,14
398,697,2
398,701,2
398,725,1
398,758,2
398,771,6
398,782,2
398,828,2
398,834,1
398,1013,13
398,1136,2
398,1237,1
398,1260,5
398,1291,10
398,1359,2
398,1377,1
398,1397,5
398,1526,1
398,1624,88
398,1644,10
398,1676,3
398,1730,6
398,1738,1
398,1781,14
398,1836,9
399,59,1
399,76,3
399,126,1
399,149,1
399,299,2
399,311,1
399,364,1
399,365,2
399,375,1
399,382,1
399,386,2
399,396,1
400,2,1
400,8,1
400,11,1
400,13,1
400,15,1
400,20,1
400,32,2
400,39,1
400,52,3
400,59,1
400,61,1
400,63,1
400,64,1
400,70,4
400,76,1
400,81,1
400,82,1
400,85,1
400,97,1
400,101,1
400,108,1
400,109,2
400,114,2
400,123,1
400,135,1
400,144,2
400,149,1
400,151,1
400,152,1
400,154,1
400,157,1
400,158,1
400,165,1
400,166,3
400,168,4
400,173,4
400,188,2
400,220,1
400,224,7
400,250,1
400,251,1
400,265,1
400,284,1
400,286,7
400,294,1
400,299,1
400,304,1
400,311,2
400,314,2
400,315,1
400,323,16
400,324,1
400,343,1
400,358,1
400,360,1
400,365,5
400,371,2
400,376,1
400,378,1
400,382,1
400,386,1
400,389,1
400,391,2
400,392,9
400,396,30
400,402,5
400,411,1
400,419,1
400,420,1
400,428,9
400,429,9
400,436,1
400,437,1
400,439,1
400,441,2
400,443,2
400,444,2
400,445,4
400,446,1
400,447,2
400,449,1
400,451,1
400,452,1
400,454,4
400,459,1
400,460,1
400,463,3
400,464,2
400,466,1
400,472,1
400,474,10
400,475,2
400,476,1
400,495,4
400,499,1
400,502,4
400,504,6
400,512,1
400,513,2
400,517,3
400,519,1
400,523,1
400,527,1
400,528,1
400,536,1
400,538,1
400,541,1
400,543,2
400,544,1
400,556,1
400,564,1
400,566,1
400,570,1
400,572,1
400,579,1
400,583,1
400,584,1
400,587,1
400,592,2
400,596,3
400,598,7
400,600,1
400,601,6
400,607,4
400,613,1
400,617,6
400,621,1
400,626,3
400,638,2
400,639,2
400,659,2
400,673,2
400,675,1
400,676,3
400,682,1
400,683,10
400,698,1
400,700,1
400,701,1
400,707,1
400,708,2
400,710,1
400,711,1
400,712,4
400,713,1
400,721,5
400,734,2
400,735,1
400,743,1
400,747,1
400,758,1
400,766,1
400,773,1
400,774,1
400,776,3
400,783,4
400,784,1
400,788,1
400,798,2
400,799,4
400,802,1
400,816,1
400,817,1
400,819,2
400,822,1
400,823,3
400,825,1
400,831,1
400,832,1
400,835,1
400,840,1
400,841,2
400,844,1
400,852,3
400,853,1
400,859,3
400,862,1
400,864,1
400,866,2
400,868,1
400,882,1
400,886,1
400,887,1
400,888,1
400,889,1
400,890,1
400,891,1
400,892,1
400,893,1
400,894,2
400,895,3
400,896,1
400,897,1
400,898,1
400,899,1
400,900,1
400,901,1
400,902,1
400,904,1
400,905,1
400,907,1
400,908,2
400,909,1
400,910,1
400,911,1
400,973,3
400,974,1
400,1142,1
400,1169,1
400,1255,2
400,1280,1
400,1343,2
400,1416,1
400,1419,1
400,1555,3
400,1598,1
400,1681,3
401,368,2
401,639,4
401,773,1
401,776,1
402,103,2
402,281,3
402,400,4
402,448,1
402,586,1
402,590,3
402,632,2
402,681,4
402,762,2
402,881,1
402,1019,1
402,1173,1
402,1201,2
402,1250,1
403,8,1
403,302,1
403,569,1
403,617,1
403,769,1
404,6,2
404,30,1
404,132,1
404,368,1
404,679,5
405,191,3
405,250,3
405,263,10
405,388,3
405,398,1
405,456,1
405,497,3
405,508,1
405,514,1
405,777,4
405,793,1
405,950,4
405,1507,1
407,97,1
407,236,3
407,250,1
407,372,4
407,378,2
407,396,2
407,425,3
407,461,2
407,765,1
408,254,2
408,290,1
408,306,1
408,317,1
408,388,2
408,590,1
408,781,1
408,1122,1
409,6,2
409,8,2
409,19,1
409,34,1
409,50,4
409,74,1
409,103,2
409,147,3
409,149,2
409,191,4
409,194,1
409,236,1
409,260,1
409,263,3
409,302,2
409,349,1
409,413,4
409,542,3
409,563,1
409,687,3
409,1004,1
409,1032,1
409,1283,1
409,1713,1
410,201,1
413,6,10
413,53,2
413,212,5
413,479,6
413,654,1
413,659,2
413,683,26
413,690,1
414,396,1
414,475,1
414,607,1
415,12,1
415,105,1
415,142,1
415,195,1
415,211,1
415,244,4
415,263,1
415,329,4
415,436,1
415,475,2
415,538,1
415,673,2
415,808,1
415,840,3
415,841,2
415,997,19
415,1121,4
415,1208,1
415,1231,1
415,1260,1
415,1343,14
415,1350,1
415,1433,1
415,1467,1
415,1624,1
415,1676,1
415,1737,2
415,1781,1
416,212,1
418,475,1
418,512,1
418,543,1
418,579,1
418,580,2
418,642,1
418,711,1
418,928,1
418,966,1
418,1000,2
418,1024,1
418,1402,1
418,1565,1
421,97,1
421,300,1
421,545,1
421,1069,1
421,1395,2
421,1436,2
422,6,6
422,62,1
422,97,1
422,194,3
422,212,1
422,285,3
422,297,3
422,308,7
422,335,1
422,365,2
422,375,1
422,386,6
422,389,7
422,391,2
422,394,4
422,449,2
422,460,1
422,536,5
422,549,1
422,598,1
422,607,1
422,615,4
422,673,2
422,768,1
422,815,1
422,835,1
422,1041,3
422,1060,4
422,1281,2
422,1283,1
422,1299,1
423,8,1
423,97,1
423,101,1
423,128,1
423,132,1
423,277,2
423,294,1
423,315,1
423,343,1
423,392,2
423,410,2
423,437,1
423,447,1
423,454,2
423,464,1
423,536,3
423,598,8
423,675,1
423,815,3
423,866,1
423,938,2
423,1026,1
423,1039,1
423,1255,3
423,1402,1
423,1426,1
423,1497,1
423,1565,1
423,1603,1
423,1665,2
424,144,1
424,175,4
424,236,1
424,260,1
424,315,1
424,343,2
424,405,2
424,495,2
425,52,1
425,378,4
425,396,2
425,407,3
425,697,1
425,753,1
425,765,15
425,992,1
425,1103,5
425,1402,1
426,427,1
427,88,1
427,426,1
428,400,1
429,32,6
429,160,2
429,191,23
429,209,2
429,242,5
429,289,1
429,309,1
429,372,7
429,394,1
429,400,3
429,431,2
429,481,1
429,492,1
429,494,2
429,777,1
429,950,7
429,1167,3
429,1189,2
429,1190,1
429,1289,1
429,1449,1
429,1568,1
429,1669,1
429,1680,1
429,1700,4
429,1720,1
430,8,2
430,27,1
430,32,5
430,44,1
430,58,1
430,63,2
430,69,1
430,72,2
430,97,1
430,144,2
430,164,1
430,175,1
430,194,1
430,220,1
430,260,1
430,277,1
430,297,1
430,323,1
430,475,1
430,536,1
430,598,1
430,638,1
430,857,2
431,32,2
431,52,2
431,59,1
431,85,1
431,88,1
431,299,3
431,307,1
431,308,2
431,323,22
431,343,3
431,353,1
431,358,3
431,365,1
431,371,1
431,372,4
431,393,4
431,394,1
431,396,1
431,398,1
431,402,5
431,407,4
431,429,3
431,454,3
431,475,1
431,483,10
431,495,1
431,538,2
431,544,12
431,561,44
431,566,1
431,595,2
431,605,77
431,617,42
431,626,2
431,627,1
431,697,6
431,727,8
431,738,1
431,773,1
431,823,2
431,840,1
431,853,1
431,859,4
431,969,3
431,975,2
431,983,2
431,1039,1
431,1091,1
431,1111,1
431,1117,2
431,1132,2
431,1190,3
431,1215,3
431,1231,2
431,1255,4
431,1295,4
431,1312,6
431,1316,2
431,1346,6
431,1395,2
431,1402,7
431,1431,3
431,1497,1
431,1579,4
431,1585,1
431,1587,1
431,1624,8
431,1644,6
431,1724,9
431,1731,1
431,1748,4
431,1762,2
431,1771,2
431,1796,2
431,1831,2
432,8,1
432,379,2
432,1587,1
433,434,1
434,433,1
435,281,1
435,308,1
437,325,1
437,372,4
437,625,10
437,1004,1
437,1033,11
437,1113,2
437,1158,1
438,319,1
438,687,2
438,714,2
438,878,2
438,1319,2
439,102,1
439,131,5
439,176,1
439,212,13
439,306,1
439,388,1
439,440,3
439,513,1
439,514,3
439,540,2
439,545,1
439,562,1
439,590,3
439,636,2
439,638,1
439,778,1
439,795,3
439,952,2
439,1019,4
439,1449,1
440,460,1
440,513,2
440,523,1
440,587,1
440,588,5
440,590,2
440,758,1
440,795,1
440,1097,3
440,1103,1
440,1131,3
440,1215,1
440,1244,1
440,1384,6
440,1540,1
441,368,1
441,442,3
442,143,1
442,144,1
442,635,1
442,654,1
442,753,1
442,852,1
442,1041,1
442,1184,3
442,1247,1
442,1565,1
443,19,1
443,29,1
443,32,3
443,42,2
443,341,1
443,400,1
443,520,2
443,1409,2
443,1543,2
445,199,2
445,283,5
445,296,2
445,614,1
447,6,4
447,34,2
447,48,3
447,51,2
447,95,7
447,103,4
447,119,7
447,124,5
447,172,1
447,224,1
447,249,15
447,254,11
447,325,8
447,368,2
447,372,2
447,395,3
447,398,10
447,400,3
447,423,1
447,456,1
447,612,1
447,704,1
447,719,1
447,733,2
447,1037,2
447,1064,1
447,1255,1
447,1283,1
447,1285,1
447,1526,2
447,1667,5
447,1866,19
448,52,1
448,59,1
448,69,1
448,194,1
448,244,9
448,254,1
448,272,2
448,297,4
448,299,1
448,314,1
448,352,1
448,365,2
448,371,1
448,372,1
448,375,1
448,392,3
448,402,2
448,454,6
448,495,1
448,513,4
448,561,2
448,569,3
448,587,1
448,601,1
448,626,1
448,711,1
448,712,3
448,784,1
448,809,1
448,815,1
448,817,4
448,823,3
448,831,11
448,835,3
448,840,4
448,967,1
448,969,1
448,971,4
448,973,3
448,987,1
449,124,1
449,132,1
449,263,1
449,266,1
449,289,3
449,302,1
449,422,1
449,456,2
449,498,2
449,1127,1
449,1520,1
451,32,2
451,67,1
453,32,1
453,264,1
453,516,2
454,62,1
454,181,17
454,242,11
454,249,1
454,263,1
454,289,2
454,308,2
454,338,6
454,363,4
454,368,2
454,372,8
454,448,4
454,456,1
454,467,2
454,482,1
454,496,1
454,509,9
454,510,1
454,514,1
454,546,4
454,673,1
454,725,1
454,733,1
454,770,2
454,777,2
454,778,1
454,797,1
454,830,17
454,940,2
454,942,4
454,950,7
454,992,3
454,1036,3
454,1043,74
454,1127,3
454,1185,1
454,1189,1
454,1269,4
454,1326,4
454,1340,5
454,1369,3
454,1668,6
454,1669,2
456,27,1
456,105,1
456,143,1
456,144,1
456,175,1
456,194,4
456,204,2
456,209,1
456,252,4
456,294,1
456,302,1
456,355,1
456,389,1
456,394,3
456,396,1
456,405,1
456,415,1
456,449,3
456,454,1
456,457,1
456,495,1
456,501,3
456,527,3
456,538,1
456,553,3
456,654,4
456,697,1
456,1097,1
456,1127,1
456,1132,7
456,1246,1
456,1313,1
456,1542,6
456,1624,11
456,1644,2
456,1789,1
457,456,1
460,172,2
460,289,1
460,321,1
460,359,3
460,368,1
460,372,4
460,542,13
460,546,3
460,586,2
460,608,3
460,714,2
460,934,6
460,939,1
460,1023,1
461,407,1
462,26,2
462,32,4
462,101,1
462,103,20
462,274,1
462,282,1
462,299,4
462,316,1
462,339,2
462,393,13
462,605,8
462,617,9
462,638,6
462,675,7
462,713,4
462,742,1
462,913,5
462,992,1
462,1255,10
462,1281,8
462,1299,1
462,1638,2
462,1646,1
462,1713,1
463,62,2
463,73,1
463,74,2
463,80,1
463,105,4
463,194,1
463,228,1
463,252,9
463,289,1
463,293,1
463,327,1
463,339,4
463,361,1
463,400,3
463,469,16
463,482,1
463,514,1
463,532,3
463,609,8
463,687,9
463,748,1
463,871,1
463,1004,3
463,1009,2
463,1010,3
463,1185,2
465,62,3
465,194,1
465,398,22
465,456,15
465,679,2
465,1013,1
466,51,1
466,372,2
466,392,2
467,389,1
468,272,2
468,277,3
468,300,1
468,329,1
468,475,4
468,502,2
468,537,1
468,594,4
468,617,1
468,830,2
468,914,1
468,1372,1
468,1420,1
468,1585,2
468,1647,2
468,1748,1
469,97,1
469,175,1
469,463,17
469,503,2
469,519,1
469,525,1
469,598,2
469,697,1
469,806,3
469,1181,3
469,1217,1
469,1629,3
469,1781,2
470,288,5
470,621,7
470,992,1
470,1260,1
470,1283,1
470,1509,1
472,263,3
473,372,4
473,620,2
473,687,1
473,708,1
473,771,2
473,1189,2
473,1217,1
474,32,13
474,42,6
474,48,1
474,67,1
474,74,7
474,105,4
474,124,3
474,163,4
474,224,1
474,236,2
474,242,1
474,249,12
474,309,2
474,337,2
474,346,1
474,356,2
474,357,1
474,359,5
474,372,2
474,400,14
474,456,1
474,479,3
474,520,1
474,615,1
474,640,2
474,642,4
474,644,1
474,646,2
474,651,1
474,679,44
474,689,1
474,713,1
474,719,1
474,741,4
474,749,7
474,834,25
474,847,2
474,951,1
474,1014,1
474,1158,3
474,1187,1
474,1208,1
474,1285,3
474,1310,3
474,1339,16
474,1349,6
474,1377,1
474,1624,1
474,1644,2
474,1679,1
474,1713,1
474,1756,1
474,1758,1
474,1786,4
474,1792,1
475,42,1
475,62,2
475,68,3
475,74,1
475,75,14
475,103,7
475,105,3
475,127,1
475,142,1
475,176,2
475,203,1
475,214,5
475,249,5
475,250,18
475,266,4
475,283,7
475,341,2
475,357,1
475,363,4
475,368,3
475,372,1
475,392,5
475,400,2
475,415,1
475,418,1
475,468,11
475,481,1
475,496,4
475,502,3
475,546,1
475,591,1
475,594,1
475,598,3
475,603,1
475,640,1
475,642,1
475,678,1
475,697,8
475,770,2
475,821,2
475,841,4
475,870,1
475,1036,1
475,1066,1
475,1103,1
475,1105,24
475,1163,1
475,1167,2
475,1189,3
475,1273,1
475,1283,1
475,1285,1
475,1480,1
475,1543,2
475,1741,1
477,1,7
477,317,2
