id,str,num,num1
1,"1",0.4362,0.3985
2,"2",0.5803,0.3527
3,"3",0.5510,0.7043
4,"4",0.5521,0.4469
5,"5",0.2811,0.7675
6,"6",0.5870,0.3317
7,"7",0.3333,0.5395
8,"8",0.5736,0.6312
9,"9",0.4523,0.6059
10,"10",0.6616,0.6396
11,"11",0.1725,0.4695
12,"12",0.3413,0.5060
13,"13",0.2401,0.1900
14,"14",0.2906,0.4422
15,"15",0.3613,0.4634
16,"16",0.6298,0.1836
17,"17",0.3143,0.6070
18,"18",0.6077,0.7049
19,"19",0.4289,0.3921
20,"20",0.7163,0.5630
21,"21",0.4186,0.6346
22,"22",0.6981,0.4268
23,"23",0.6220,0.4322
24,"24",0.3982,0.8113
25,"25",0.7868,0.3182
26,"26",0.7772,0.6226
27,"27",0.8039,0.4623
28,"28",0.4794,0.7920
29,"29",0.2752,0.7400
30,"30",0.3337,0.6444
31,"31",0.2724,0.5544
32,"32",0.3221,0.7352
33,"33",0.3177,0.6796
34,"34",0.3446,0.1500
35,"35",0.5985,0.4579
36,"36",0.1714,0.2514
37,"37",0.6946,0.6726
38,"38",0.4556,0.4150
39,"39",0.2788,0.1783
40,"40",0.5469,0.1905
41,"41",0.4228,0.4598
42,"42",0.2332,0.7853
43,"43",0.8136,0.2499
44,"44",0.8014,0.3424
45,"45",0.2666,0.3313
46,"46",0.2845,0.7773
47,"47",0.3960,0.3001
48,"48",0.3515,0.6829
49,"49",0.5637,0.7646
50,"50",0.4452,0.8206
51,"51",0.4286,0.8105
52,"52",0.4762,0.5626
53,"53",0.6710,0.3543
54,"54",0.6368,0.2429
55,"55",0.3497,0.3681
56,"56",0.3809,0.7415
57,"57",0.7308,0.4404
58,"58",0.1926,0.2015
59,"59",0.3856,0.3158
60,"60",0.8355,0.5635
61,"61",0.1539,0.3244
62,"62",0.5538,0.3553
63,"63",0.3174,0.6902
64,"64",0.6759,0.7790
65,"65",0.5238,0.5835
66,"66",0.8305,0.4828
67,"67",0.5686,0.7570
68,"68",0.1791,0.8072
69,"69",0.3144,0.4762
70,"70",0.2349,0.7436
71,"71",0.7100,0.6396
72,"72",0.8048,0.2453
73,"73",0.3340,0.6436
74,"74",0.3847,0.5826
75,"75",0.2845,0.5415
76,"76",0.6025,0.4211
77,"77",0.2813,0.6021
78,"78",0.4687,0.4795
79,"79",0.5517,0.3614
80,"80",0.6949,0.3860
81,"81",0.4247,0.8319
82,"82",0.6880,0.2404
83,"83",0.8470,0.4033
84,"84",0.4230,0.6566
85,"85",0.6972,0.3579
86,"86",0.6622,0.8350
87,"87",0.7639,0.3792
88,"88",0.7641,0.6962
89,"89",0.7123,0.3259
90,"90",0.5062,0.6739
91,"91",0.4537,0.2067
92,"92",0.6156,0.6427
93,"93",0.6977,0.2704
94,"94",0.3742,0.3358
95,"95",0.4433,0.5003
96,"96",0.6510,0.2780
97,"97",0.5477,0.3777
98,"98",0.5735,0.3327
99,"99",0.2716,0.6542
100,"100",0.7414,0.8441
101,"101",0.4945,0.6427
102,"102",0.8463,0.3212
103,"103",0.8464,0.8227
104,"104",0.7474,0.5977
105,"105",0.5984,0.4180
106,"106",0.2207,0.4577
107,"107",0.7162,0.7908
108,"108",0.4797,0.2160
109,"109",0.4559,0.4598
110,"110",0.2322,0.6971
111,"111",0.2667,0.6409
112,"112",0.2283,0.5398
113,"113",0.5285,0.4636
114,"114",0.3093,0.8349
115,"115",0.5316,0.4120
116,"116",0.4602,0.3627
117,"117",0.1874,0.4968
118,"118",0.7328,0.5934
119,"119",0.8214,0.1528
120,"120",0.6853,0.5653
121,"121",0.1806,0.7236
122,"122",0.5601,0.4522
123,"123",0.7748,0.3697
124,"124",0.2923,0.5909
125,"125",0.4146,0.8236
126,"126",0.3222,0.4210
127,"127",0.5264,0.7663
128,"128",0.6543,0.5667
129,"129",0.7579,0.5048
130,"130",0.3855,0.2571
131,"131",0.3938,0.7783
132,"132",0.7986,0.6678
133,"133",0.6621,0.4107
134,"134",0.5844,0.4273
135,"135",0.7831,0.5027
136,"136",0.6504,0.5249
137,"137",0.4025,0.6194
138,"138",0.4218,0.3113
139,"139",0.2117,0.6197
140,"140",0.6432,0.7770
141,"141",0.4365,0.2377
142,"142",0.5403,0.6524
143,"143",0.5556,0.6073
144,"144",0.4969,0.4652
145,"145",0.2806,0.1898
146,"146",0.5589,0.4475
147,"147",0.6062,0.1519
148,"148",0.6665,0.7745
149,"149",0.4078,0.7979
150,"150",0.2812,0.1852
151,"151",0.3547,0.2520
152,"152",0.1574,0.4136
153,"153",0.1611,0.4563
154,"154",0.7721,0.2251
155,"155",0.5904,0.5141
156,"156",0.5135,0.8453
157,"157",0.7896,0.3034
158,"158",0.3999,0.6211
159,"159",0.6179,0.3439
160,"160",0.5675,0.3530
161,"161",0.2975,0.1815
162,"162",0.5533,0.2882
163,"163",0.3954,0.5319
164,"164",0.1667,0.7593
165,"165",0.4200,0.5948
166,"166",0.7209,0.4156
167,"167",0.7903,0.3301
168,"168",0.2640,0.1794
169,"169",0.5092,0.1583
170,"170",0.4429,0.2195
171,"171",0.5517,0.5254
172,"172",0.7776,0.5276
173,"173",0.7453,0.4439
174,"174",0.4319,0.4433
175,"175",0.5064,0.6046
176,"176",0.4192,0.3585
177,"177",0.6629,0.7156
178,"178",0.7603,0.5986
179,"179",0.2685,0.5142
180,"180",0.5951,0.3593
181,"181",0.6982,0.7624
182,"182",0.3166,0.4523
183,"183",0.7721,0.7143
184,"184",0.7695,0.4814
185,"185",0.4533,0.6233
186,"186",0.3345,0.1562
187,"187",0.7178,0.5243
188,"188",0.7011,0.6173
189,"189",0.6810,0.7064
190,"190",0.7845,0.4212
191,"191",0.2438,0.3653
192,"192",0.4475,0.6212
193,"193",0.5857,0.2006
194,"194",0.8381,0.6332
195,"195",0.6123,0.1937
196,"196",0.2378,0.3735
197,"197",0.2461,0.7841
198,"198",0.6011,0.5153
199,"199",0.6129,0.4299
200,"200",0.2143,0.5891
201,"201",0.4553,0.2214
202,"202",0.6142,0.4332
203,"203",0.1894,0.4799
204,"204",0.7426,0.1675
205,"205",0.6783,0.3610
206,"206",0.5220,0.3427
207,"207",0.7834,0.4515
208,"208",0.4898,0.5910
209,"209",0.7305,0.8202
210,"210",0.4120,0.1824
211,"211",0.2921,0.4642
212,"212",0.6751,0.5610
213,"213",0.5737,0.7673
214,"214",0.6222,0.3106
215,"215",0.1550,0.3516
216,"216",0.7835,0.4833
217,"217",0.3316,0.3976
218,"218",0.7159,0.5840
219,"219",0.7488,0.4598
220,"220",0.4522,0.6940
221,"221",0.5234,0.7023
222,"222",0.4273,0.1816
223,"223",0.5061,0.7366
224,"224",0.5260,0.4294
225,"225",0.4153,0.8295
226,"226",0.4757,0.2736
227,"227",0.1545,0.2169
228,"228",0.4777,0.3417
229,"229",0.7939,0.7426
230,"230",0.4459,0.4303
231,"231",0.1708,0.4021
232,"232",0.6017,0.1557
233,"233",0.6534,0.7696
234,"234",0.7409,0.6782
235,"235",0.5554,0.6301
236,"236",0.5731,0.5715
237,"237",0.4072,0.8472
238,"238",0.1996,0.7985
239,"239",0.8249,0.8423
240,"240",0.6779,0.3085
241,"241",0.4143,0.1580
242,"242",0.5888,0.3691
243,"243",0.2249,0.5427
244,"244",0.8099,0.1970
245,"245",0.4248,0.6641
246,"246",0.4556,0.2519
247,"247",0.2620,0.2523
248,"248",0.7376,0.3093
249,"249",0.6461,0.5281
250,"250",0.7581,0.6213
251,"251",0.4501,0.5551
252,"252",0.2395,0.6371
253,"253",0.2256,0.5365
254,"254",0.5562,0.4380
255,"255",0.5805,0.8389
256,"256",0.5096,0.4117
257,"257",0.1550,0.4096
258,"258",0.2782,0.4673
259,"259",0.4086,0.5298
260,"260",0.5271,0.2691
261,"261",0.7902,0.4093
262,"262",0.6515,0.7397
263,"263",0.2596,0.7221
264,"264",0.3009,0.2573
265,"265",0.2900,0.5383
266,"266",0.8031,0.1548
267,"267",0.4530,0.5979
268,"268",0.4792,0.6883
269,"269",0.2789,0.8350
270,"270",0.4301,0.3326
271,"271",0.2445,0.5451
272,"272",0.4275,0.2326
273,"273",0.5209,0.6601
274,"274",0.4389,0.4028
275,"275",0.4903,0.7656
276,"276",0.3778,0.3609
277,"277",0.8172,0.4794
278,"278",0.6508,0.2426
279,"279",0.2250,0.2787
280,"280",0.6449,0.7247
281,"281",0.3208,0.5381
282,"282",0.1786,0.2566
283,"283",0.4639,0.5197
284,"284",0.7109,0.1833
285,"285",0.5722,0.6298
286,"286",0.4728,0.5001
287,"287",0.5183,0.2282
288,"288",0.2800,0.6768
289,"289",0.3486,0.2590
290,"290",0.5321,0.5461
291,"291",0.8349,0.5353
292,"292",0.2022,0.6365
293,"293",0.5382,0.5988
294,"294",0.3881,0.7973
295,"295",0.4491,0.6395
296,"296",0.4633,0.3461
297,"297",0.8284,0.5391
298,"298",0.2557,0.3398
299,"299",0.2620,0.1802
300,"300",0.8459,0.3421
301,"301",0.8152,0.8325
302,"302",0.2522,0.4438
303,"303",0.2318,0.6044
304,"304",0.7583,0.5595
305,"305",0.6309,0.2300
306,"306",0.6867,0.4033
307,"307",0.2859,0.6233
308,"308",0.3330,0.2204
309,"309",0.3905,0.4151
310,"310",0.8159,0.4244
311,"311",0.7521,0.4685
312,"312",0.6935,0.5688
313,"313",0.5564,0.8265
314,"314",0.2711,0.3538
315,"315",0.2068,0.2379
316,"316",0.5877,0.6450
317,"317",0.4217,0.1771
318,"318",0.3542,0.5535
319,"319",0.5460,0.7370
320,"320",0.5944,0.8082
321,"321",0.3140,0.4699
322,"322",0.2983,0.7172
323,"323",0.3683,0.5117
324,"324",0.1944,0.6992
325,"325",0.5159,0.1998
326,"326",0.4020,0.8322
327,"327",0.4839,0.2794
328,"328",0.3138,0.7497
329,"329",0.4045,0.5580
330,"330",0.8299,0.7839
331,"331",0.5372,0.7496
332,"332",0.8326,0.2327
333,"333",0.6118,0.8227
334,"334",0.2810,0.7045
335,"335",0.7505,0.8388
336,"336",0.7641,0.2599
337,"337",0.5002,0.4484
338,"338",0.8310,0.6655
339,"339",0.3853,0.4817
340,"340",0.4038,0.5189
341,"341",0.7609,0.8481
342,"342",0.7339,0.4135
343,"343",0.6250,0.3341
344,"344",0.5462,0.2567
345,"345",0.6269,0.5661
346,"346",0.4027,0.5509
347,"347",0.6714,0.4697
348,"348",0.1676,0.7084
349,"349",0.2083,0.6496
350,"350",0.5528,0.2580
351,"351",0.3646,0.1703
352,"352",0.2838,0.5644
353,"353",0.2449,0.6093
354,"354",0.2136,0.6625
355,"355",0.2202,0.2122
356,"356",0.6701,0.5877
357,"357",0.6762,0.3770
358,"358",0.2137,0.5483
359,"359",0.2842,0.6427
360,"360",0.6535,0.5700
361,"361",0.8318,0.5559
362,"362",0.2294,0.5123
363,"363",0.6075,0.3521
364,"364",0.4742,0.5345
365,"365",0.5408,0.2631
366,"366",0.6061,0.1618
367,"367",0.5384,0.5420
368,"368",0.4140,0.5807
369,"369",0.7600,0.2694
370,"370",0.5452,0.2583
371,"371",0.3364,0.1814
372,"372",0.4940,0.7742
373,"373",0.2177,0.2291
374,"374",0.3631,0.7017
375,"375",0.2014,0.2632
376,"376",0.7412,0.3789
377,"377",0.6822,0.5061
378,"378",0.8164,0.6612
379,"379",0.2233,0.7492
380,"380",0.6238,0.6355
381,"381",0.5416,0.1917
382,"382",0.1950,0.8497
383,"383",0.5507,0.7108
384,"384",0.4557,0.5795
385,"385",0.5100,0.4195
386,"386",0.3895,0.2392
387,"387",0.3764,0.2653
388,"388",0.5695,0.6077
389,"389",0.4465,0.3692
390,"390",0.2192,0.5248
391,"391",0.6455,0.8037
392,"392",0.3569,0.4849
393,"393",0.5964,0.6689
394,"394",0.5358,0.8266
395,"395",0.6774,0.7106
396,"396",0.6810,0.1961
397,"397",0.2487,0.1872
398,"398",0.7917,0.8398
399,"399",0.6102,0.5831
400,"400",0.5529,0.8426
401,"401",0.8161,0.2232
402,"402",0.3789,0.5271
403,"403",0.5627,0.4386
404,"404",0.6821,0.6792
405,"405",0.7275,0.6859
406,"406",0.5374,0.5552
407,"407",0.7147,0.8188
408,"408",0.5912,0.2998
409,"409",0.3468,0.1696
410,"410",0.5290,0.6733
411,"411",0.2056,0.7857
412,"412",0.5025,0.1628
413,"413",0.8053,0.6249
414,"414",0.6838,0.2376
415,"415",0.4552,0.5137
416,"416",0.2912,0.2619
417,"417",0.2521,0.5181
418,"418",0.4122,0.1796
419,"419",0.2970,0.7743
420,"420",0.4092,0.5398
421,"421",0.8304,0.2906
422,"422",0.2892,0.8159
423,"423",0.4371,0.7126
424,"424",0.5756,0.6469
425,"425",0.4610,0.5079
426,"426",0.5034,0.4021
427,"427",0.4261,0.2211
428,"428",0.4374,0.4426
429,"429",0.2573,0.4028
430,"430",0.5772,0.7351
431,"431",0.7544,0.6059
432,"432",0.7997,0.5417
433,"433",0.2489,0.3145
434,"434",0.3558,0.1910
435,"435",0.2617,0.7437
436,"436",0.5214,0.8024
437,"437",0.2293,0.3193
438,"438",0.1644,0.8158
439,"439",0.7714,0.6377
440,"440",0.2843,0.2595
441,"441",0.8211,0.6558
442,"442",0.8342,0.7504
443,"443",0.7351,0.4636
444,"444",0.6268,0.6031
445,"445",0.5580,0.4436
446,"446",0.7953,0.7083
447,"447",0.3046,0.7111
448,"448",0.5477,0.5958
449,"449",0.1903,0.2970
450,"450",0.7435,0.6912
451,"451",0.3181,0.6168
452,"452",0.1803,0.3395
453,"453",0.2045,0.4305
454,"454",0.4696,0.2497
455,"455",0.8046,0.4946
456,"456",0.5343,0.6832
457,"457",0.6631,0.5592
458,"458",0.4626,0.1900
459,"459",0.4084,0.2565
460,"460",0.3035,0.5729
461,"461",0.5632,0.1925
462,"462",0.5776,0.8208
463,"463",0.2342,0.4290
464,"464",0.2481,0.7496
465,"465",0.2154,0.7233
466,"466",0.6751,0.2450
467,"467",0.2071,0.7622
468,"468",0.4409,0.4863
469,"469",0.3395,0.2063
470,"470",0.4281,0.3995
471,"471",0.5542,0.6329
472,"472",0.1836,0.6732
473,"473",0.6789,0.4375
474,"474",0.3987,0.5308
475,"475",0.7029,0.5429
476,"476",0.5937,0.6422
477,"477",0.2342,0.4188
478,"478",0.1816,0.5211
479,"479",0.5003,0.5087
480,"480",0.7564,0.6393
481,"481",0.5180,0.7240
482,"482",0.6191,0.7554
483,"483",0.2499,0.2462
484,"484",0.7495,0.8378
485,"485",0.6231,0.5529
486,"486",0.2809,0.6315
487,"487",0.2672,0.4499
488,"488",0.3337,0.3962
489,"489",0.2141,0.7837
490,"490",0.2185,0.6166
491,"491",0.6536,0.2633
492,"492",0.3142,0.7615
493,"493",0.6377,0.4146
494,"494",0.1820,0.8447
495,"495",0.5895,0.7468
496,"496",0.2683,0.6121
497,"497",0.6463,0.4037
498,"498",0.3100,0.4587
499,"499",0.6472,0.3348
500,"500",0.3442,0.6497
501,"501",0.7482,0.1987
502,"502",0.5864,0.4984
503,"503",0.4208,0.4920
504,"504",0.8275,0.7304
505,"505",0.7705,0.2635
506,"506",0.1658,0.5281
507,"507",0.5763,0.5578
508,"508",0.1754,0.5423
509,"509",0.4434,0.7960
510,"510",0.7708,0.2115
511,"511",0.2181,0.6885
512,"512",0.6240,0.3261
513,"513",0.2031,0.8409
514,"514",0.1506,0.2292
515,"515",0.7788,0.2912
516,"516",0.3566,0.2392
517,"517",0.8131,0.5970
518,"518",0.8196,0.4393
519,"519",0.3209,0.3535
520,"520",0.2494,0.4636
521,"521",0.4022,0.6173
522,"522",0.4517,0.1818
523,"523",0.6660,0.5637
524,"524",0.6796,0.6574
525,"525",0.8275,0.7018
526,"526",0.3556,0.7294
527,"527",0.7333,0.3274
528,"528",0.3040,0.1504
529,"529",0.2468,0.5862
530,"530",0.5103,0.7767
531,"531",0.6045,0.1776
532,"532",0.3097,0.2849
533,"533",0.6202,0.3231
534,"534",0.7727,0.3787
535,"535",0.2037,0.7779
536,"536",0.8281,0.4960
537,"537",0.7204,0.3575
538,"538",0.5536,0.7308
539,"539",0.2971,0.2175
540,"540",0.7202,0.7403
541,"541",0.5692,0.5950
542,"542",0.4636,0.4901
543,"543",0.2097,0.8064
544,"544",0.7326,0.4654
545,"545",0.4898,0.5649
546,"546",0.3251,0.5457
547,"547",0.6644,0.1546
548,"548",0.2187,0.4254
549,"549",0.3771,0.6770
550,"550",0.5554,0.4275
551,"551",0.5354,0.1555
552,"552",0.7322,0.3376
553,"553",0.5891,0.3711
554,"554",0.6169,0.3624
555,"555",0.8250,0.2543
556,"556",0.3837,0.7853
557,"557",0.2537,0.1616
558,"558",0.8378,0.5729
559,"559",0.4542,0.2152
560,"560",0.6748,0.2612
561,"561",0.6990,0.5752
562,"562",0.5994,0.6182
563,"563",0.6776,0.4814
564,"564",0.5915,0.6608
565,"565",0.6963,0.7812
566,"566",0.5949,0.1819
567,"567",0.6109,0.8277
568,"568",0.3736,0.2101
569,"569",0.3281,0.4179
570,"570",0.7541,0.6019
571,"571",0.6828,0.8073
572,"572",0.2491,0.4476
573,"573",0.1705,0.4116
574,"574",0.8382,0.8420
575,"575",0.7016,0.5938
576,"576",0.4385,0.6406
577,"577",0.6961,0.6888
578,"578",0.2034,0.5113
579,"579",0.2427,0.8153
580,"580",0.3269,0.6516
581,"581",0.4938,0.3818
582,"582",0.2348,0.8253
583,"583",0.6556,0.6814
584,"584",0.3066,0.3459
585,"585",0.3117,0.5313
586,"586",0.3442,0.7090
587,"587",0.2845,0.7076
588,"588",0.6874,0.4440
589,"589",0.3137,0.1776
590,"590",0.8426,0.6478
591,"591",0.4165,0.2289
592,"592",0.4742,0.6156
593,"593",0.3576,0.5506
594,"594",0.7764,0.2781
595,"595",0.2391,0.2114
596,"596",0.2173,0.4196
597,"597",0.4916,0.5492
598,"598",0.5368,0.2247
599,"599",0.4240,0.1538
600,"600",0.5275,0.2880
601,"601",0.2687,0.3181
602,"602",0.8351,0.4799
603,"603",0.6245,0.2855
604,"604",0.4607,0.4515
605,"605",0.3820,0.3163
606,"606",0.8459,0.2268
607,"607",0.6944,0.6573
608,"608",0.6741,0.6102
609,"609",0.3152,0.7796
610,"610",0.4224,0.5083
611,"611",0.7252,0.6254
612,"612",0.8473,0.3479
613,"613",0.4155,0.1759
614,"614",0.7790,0.6361
615,"615",0.6013,0.8308
616,"616",0.4741,0.2908
617,"617",0.6830,0.3588
618,"618",0.8396,0.2470
619,"619",0.4750,0.6701
620,"620",0.2245,0.5084
621,"621",0.4789,0.2074
622,"622",0.4596,0.7020
623,"623",0.7590,0.3625
624,"624",0.3721,0.3591
625,"625",0.5547,0.1670
626,"626",0.7150,0.2263
627,"627",0.2379,0.6090
628,"628",0.4917,0.4800
629,"629",0.3965,0.1790
630,"630",0.5566,0.2986
631,"631",0.7013,0.5448
632,"632",0.4273,0.6195
633,"633",0.6922,0.8072
634,"634",0.3388,0.1782
635,"635",0.5894,0.2874
636,"636",0.4266,0.3136
637,"637",0.4124,0.5546
638,"638",0.3135,0.5809
639,"639",0.7647,0.3779
640,"640",0.4454,0.3080
641,"641",0.4162,0.5794
642,"642",0.3931,0.3937
643,"643",0.6964,0.2135
644,"644",0.7203,0.5205
645,"645",0.2701,0.6987
646,"646",0.4827,0.4392
647,"647",0.4678,0.3784
648,"648",0.8100,0.8500
649,"649",0.1891,0.6899
650,"650",0.6821,0.2778
651,"651",0.1999,0.4638
652,"652",0.6061,0.6277
653,"653",0.3955,0.5841
654,"654",0.6541,0.6581
655,"655",0.3948,0.7848
656,"656",0.5126,0.2134
657,"657",0.6956,0.6548
658,"658",0.2640,0.4073
659,"659",0.3969,0.2891
660,"660",0.7930,0.5349
661,"661",0.2765,0.3977
662,"662",0.7876,0.3699
663,"663",0.5748,0.4624
664,"664",0.7865,0.5691
665,"665",0.5224,0.7079
666,"666",0.3838,0.3856
667,"667",0.5194,0.5225
668,"668",0.7948,0.4709
669,"669",0.3457,0.8467
670,"670",0.6442,0.5136
671,"671",0.2633,0.7124
672,"672",0.3346,0.5430
673,"673",0.8425,0.7058
674,"674",0.4020,0.1998
675,"675",0.3172,0.3835
676,"676",0.4625,0.2495
677,"677",0.3606,0.6637
678,"678",0.6177,0.2888
679,"679",0.5252,0.6754
680,"680",0.3640,0.7754
681,"681",0.2933,0.4350
682,"682",0.7276,0.1771
683,"683",0.5394,0.5860
684,"684",0.8163,0.6259
685,"685",0.5855,0.4152
686,"686",0.4648,0.6138
687,"687",0.5134,0.4391
688,"688",0.5148,0.3748
689,"689",0.3612,0.6181
690,"690",0.8483,0.2404
691,"691",0.6142,0.8434
692,"692",0.6744,0.4522
693,"693",0.1717,0.7067
694,"694",0.8379,0.5802
695,"695",0.7523,0.6446
696,"696",0.3923,0.3770
697,"697",0.2594,0.4190
698,"698",0.1622,0.5650
699,"699",0.5315,0.1747
700,"700",0.2865,0.8353
701,"701",0.4412,0.3876
702,"702",0.6142,0.2104
703,"703",0.8177,0.6917
704,"704",0.3984,0.1984
705,"705",0.2116,0.5509
706,"706",0.2105,0.8342
707,"707",0.6239,0.7131
708,"708",0.7654,0.1907
709,"709",0.4647,0.3602
710,"710",0.5292,0.4138
711,"711",0.5183,0.4459
712,"712",0.4625,0.3944
713,"713",0.5324,0.7809
714,"714",0.6061,0.1960
715,"715",0.6473,0.3083
716,"716",0.7148,0.5025
717,"717",0.3449,0.3840
718,"718",0.5069,0.8422
719,"719",0.3781,0.5449
720,"720",0.1728,0.5144
721,"721",0.7081,0.2367
722,"722",0.5656,0.7210
723,"723",0.2625,0.5365
724,"724",0.5647,0.2750
725,"725",0.2977,0.7824
726,"726",0.4908,0.5460
727,"727",0.7162,0.6038
728,"728",0.3083,0.4583
729,"729",0.5784,0.5144
730,"730",0.4422,0.3546
731,"731",0.2172,0.7042
732,"732",0.6005,0.7930
733,"733",0.4329,0.6485
734,"734",0.5756,0.7322
735,"735",0.7279,0.2221
736,"736",0.1682,0.4335
737,"737",0.8185,0.3820
738,"738",0.4555,0.5779
739,"739",0.7266,0.2552
740,"740",0.3942,0.4750
741,"741",0.5352,0.2527
742,"742",0.4383,0.5183
743,"743",0.3672,0.6908
744,"744",0.5057,0.2100
745,"745",0.6185,0.2878
746,"746",0.8229,0.7604
747,"747",0.5530,0.4781
748,"748",0.3366,0.4318
749,"749",0.5460,0.6483
750,"750",0.1694,0.3904
751,"751",0.8282,0.3957
752,"752",0.1563,0.4781
753,"753",0.2662,0.5661
754,"754",0.4905,0.2175
755,"755",0.2905,0.6100
756,"756",0.3676,0.2215
757,"757",0.3447,0.4764
758,"758",0.4048,0.7588
759,"759",0.8241,0.7278
760,"760",0.3724,0.7029
761,"761",0.2282,0.3423
762,"762",0.7661,0.2682
763,"763",0.7444,0.2446
764,"764",0.8084,0.6062
765,"765",0.2297,0.4743
766,"766",0.3555,0.5132
767,"767",0.5706,0.7858
768,"768",0.7516,0.4814
769,"769",0.2301,0.6417
770,"770",0.5478,0.6889
771,"771",0.6108,0.3387
772,"772",0.3909,0.7074
773,"773",0.7000,0.2802
774,"774",0.7409,0.4810
775,"775",0.1669,0.4845
776,"776",0.7692,0.1995
777,"777",0.4387,0.4926
778,"778",0.6579,0.3704
779,"779",0.4611,0.7171
780,"780",0.5921,0.7635
781,"781",0.8352,0.8410
782,"782",0.4175,0.5820
783,"783",0.7769,0.1605
784,"784",0.6096,0.2873
785,"785",0.5427,0.7354
786,"786",0.4718,0.7759
787,"787",0.4214,0.3791
788,"788",0.1618,0.6851
789,"789",0.1778,0.5158
790,"790",0.7134,0.4849
791,"791",0.2079,0.1787
792,"792",0.5977,0.4754
793,"793",0.2343,0.8268
794,"794",0.1510,0.2941
795,"795",0.6538,0.6063
796,"796",0.1571,0.7119
797,"797",0.6163,0.2854
798,"798",0.6564,0.2642
799,"799",0.3971,0.5381
800,"800",0.6293,0.4511
801,"801",0.3910,0.5468
802,"802",0.7743,0.4989
803,"803",0.4374,0.3665
804,"804",0.5713,0.6686
805,"805",0.5617,0.5571
806,"806",0.6073,0.3560
807,"807",0.1875,0.4775
808,"808",0.3028,0.5154
809,"809",0.7556,0.3057
810,"810",0.2663,0.5028
811,"811",0.7513,0.8223
812,"812",0.4655,0.6212
813,"813",0.3333,0.7698
814,"814",0.2901,0.8142
815,"815",0.7130,0.1832
816,"816",0.4512,0.8386
817,"817",0.4176,0.7496
818,"818",0.5335,0.4147
819,"819",0.5530,0.7351
820,"820",0.2010,0.8332
821,"821",0.5379,0.4020
822,"822",0.3242,0.5662
823,"823",0.2763,0.3949
824,"824",0.4717,0.7162
825,"825",0.3961,0.2653
826,"826",0.5908,0.5958
827,"827",0.7628,0.2729
828,"828",0.1699,0.3215
829,"829",0.4509,0.6778
830,"830",0.2545,0.1705
831,"831",0.4339,0.6109
832,"832",0.5585,0.6263
833,"833",0.6193,0.1897
834,"834",0.1956,0.2152
835,"835",0.5422,0.6169
836,"836",0.2262,0.3141
837,"837",0.5985,0.6721
838,"838",0.7839,0.3725
839,"839",0.1741,0.7950
840,"840",0.4330,0.7850
841,"841",0.4058,0.2135
842,"842",0.6789,0.7082
843,"843",0.5772,0.7656
844,"844",0.5170,0.7047
845,"845",0.4379,0.4177
846,"846",0.4022,0.6598
847,"847",0.6005,0.2826
848,"848",0.1757,0.4023
849,"849",0.3473,0.7884
850,"850",0.1741,0.8294
851,"851",0.7587,0.6431
852,"852",0.2136,0.7090
853,"853",0.2396,0.5118
854,"854",0.4213,0.6189
855,"855",0.5112,0.1884
856,"856",0.3578,0.4398
857,"857",0.6885,0.6325
858,"858",0.7525,0.8114
859,"859",0.6633,0.7047
860,"860",0.4440,0.2222
861,"861",0.1680,0.3211
862,"862",0.2026,0.5925
863,"863",0.3820,0.2101
864,"864",0.7711,0.7656
865,"865",0.4082,0.5382
866,"866",0.8496,0.2201
867,"867",0.7357,0.8431
868,"868",0.2222,0.4749
869,"869",0.7631,0.3894
870,"870",0.7910,0.2343
871,"871",0.7469,0.3364
872,"872",0.5597,0.8106
873,"873",0.5022,0.1769
874,"874",0.3000,0.7123
875,"875",0.6689,0.6941
876,"876",0.7816,0.4880
877,"877",0.6203,0.6430
878,"878",0.8435,0.5666
879,"879",0.5782,0.4526
880,"880",0.4528,0.2252
881,"881",0.2626,0.5066
882,"882",0.4683,0.3887
883,"883",0.5862,0.6442
884,"884",0.8037,0.5308
885,"885",0.3738,0.6968
886,"886",0.2625,0.4346
887,"887",0.5701,0.6473
888,"888",0.7942,0.2364
889,"889",0.5607,0.5763
890,"890",0.1782,0.7542
891,"891",0.8222,0.7356
892,"892",0.7516,0.6759
893,"893",0.3770,0.1611
894,"894",0.3276,0.6651
895,"895",0.8180,0.8180
896,"896",0.2731,0.8027
897,"897",0.8267,0.6340
898,"898",0.7463,0.3706
899,"899",0.3031,0.2727
900,"900",0.2002,0.7563
901,"901",0.4830,0.3485
902,"902",0.3244,0.5207
903,"903",0.6001,0.2776
904,"904",0.2583,0.5696
905,"905",0.2315,0.3320
906,"906",0.5105,0.4159
907,"907",0.5304,0.2294
908,"908",0.7688,0.3207
909,"909",0.5267,0.3780
910,"910",0.4776,0.4573
911,"911",0.2596,0.1617
912,"912",0.7263,0.3285
913,"913",0.2696,0.4341
914,"914",0.5645,0.4381
915,"915",0.4591,0.7540
916,"916",0.6489,0.6916
917,"917",0.8059,0.2834
918,"918",0.6816,0.6800
919,"919",0.2853,0.2334
920,"920",0.3930,0.1710
921,"921",0.3377,0.3202
922,"922",0.6869,0.4127
923,"923",0.4811,0.7753
924,"924",0.3395,0.7190
925,"925",0.4616,0.6186
926,"926",0.6316,0.3985
927,"927",0.3924,0.5898
928,"928",0.3473,0.8462
929,"929",0.3173,0.3944
930,"930",0.1723,0.6990
931,"931",0.8061,0.4100
932,"932",0.6766,0.2383
933,"933",0.7618,0.6635
934,"934",0.6556,0.5854
935,"935",0.7045,0.5686
936,"936",0.6800,0.2145
937,"937",0.3563,0.2897
938,"938",0.7652,0.5953
939,"939",0.5413,0.5693
940,"940",0.1631,0.7273
941,"941",0.6792,0.8314
942,"942",0.4450,0.4299
943,"943",0.8342,0.4544
944,"944",0.6152,0.2081
945,"945",0.6494,0.5757
946,"946",0.4866,0.3968
947,"947",0.2752,0.4631
948,"948",0.7036,0.3593
949,"949",0.1752,0.1736
950,"950",0.5861,0.7963
951,"951",0.3648,0.3850
952,"952",0.7433,0.4837
953,"953",0.5194,0.2631
954,"954",0.7703,0.6506
955,"955",0.4574,0.7080
956,"956",0.7311,0.2633
957,"957",0.6811,0.1880
958,"958",0.5912,0.6785
959,"959",0.7324,0.6576
960,"960",0.3498,0.4797
961,"961",0.2994,0.6121
962,"962",0.2900,0.7119
963,"963",0.4791,0.8329
964,"964",0.2417,0.2774
965,"965",0.6765,0.2231
966,"966",0.4296,0.6575
967,"967",0.8048,0.6341
968,"968",0.3492,0.7734
969,"969",0.4135,0.5363
970,"970",0.6942,0.8012
971,"971",0.5560,0.2850
972,"972",0.2254,0.3064
973,"973",0.3738,0.5852
974,"974",0.6600,0.7571
975,"975",0.1644,0.4489
976,"976",0.6142,0.2355
977,"977",0.4573,0.4110
978,"978",0.4337,0.5596
979,"979",0.8085,0.8376
980,"980",0.6962,0.2772
981,"981",0.7986,0.7443
982,"982",0.4598,0.3999
983,"983",0.2907,0.6146
984,"984",0.8073,0.1889
985,"985",0.3802,0.2783
986,"986",0.4962,0.4057
987,"987",0.3427,0.5935
988,"988",0.8230,0.7963
989,"989",0.7693,0.3408
990,"990",0.5587,0.4646
991,"991",0.8387,0.2271
992,"992",0.5126,0.1621
993,"993",0.2662,0.1537
994,"994",0.3351,0.7919
995,"995",0.5337,0.5941
996,"996",0.4625,0.3038
997,"997",0.1800,0.1920
998,"998",0.5677,0.4408
999,"999",0.8210,0.7745
1000,"1000",0.7675,0.6478
1001,"1001",0.8158,0.3324
1002,"1002",0.8030,0.7593
1003,"1003",0.6038,0.2238
1004,"1004",0.2901,0.6331
1005,"1005",0.4826,0.4978
1006,"1006",0.5119,0.4862
1007,"1007",0.4905,0.8396
1008,"1008",0.6923,0.2568
1009,"1009",0.3248,0.2949
1010,"1010",0.7799,0.6960
1011,"1011",0.2056,0.3176
1012,"1012",0.5302,0.6636
1013,"1013",0.2649,0.4464
1014,"1014",0.2609,0.6829
1015,"1015",0.4210,0.6095
1016,"1016",0.4230,0.5771
1017,"1017",0.7703,0.4146
1018,"1018",0.8077,0.1917
1019,"1019",0.6041,0.6662
1020,"1020",0.3875,0.4789
1021,"1021",0.6353,0.6219
1022,"1022",0.3611,0.2925
1023,"1023",0.5875,0.7808
1024,"1024",0.5422,0.5275
1025,"1025",0.5863,0.1622
1026,"1026",0.4192,0.7959
1027,"1027",0.2549,0.3221
1028,"1028",0.2796,0.6232
1029,"1029",0.8012,0.5094
1030,"1030",0.7656,0.5147
1031,"1031",0.8482,0.7647
1032,"1032",0.8097,0.5156
1033,"1033",0.7496,0.5145
1034,"1034",0.3711,0.3704
1035,"1035",0.1888,0.7079
1036,"1036",0.5670,0.6563
1037,"1037",0.6522,0.2020
1038,"1038",0.2654,0.2404
1039,"1039",0.7255,0.3946
1040,"1040",0.2936,0.2931
1041,"1041",0.3579,0.7576
1042,"1042",0.6736,0.7507
1043,"1043",0.2911,0.3195
1044,"1044",0.2842,0.5109
1045,"1045",0.5407,0.7073
1046,"1046",0.8233,0.2110
1047,"1047",0.5878,0.2323
1048,"1048",0.3038,0.3127
1049,"1049",0.6136,0.1950
1050,"1050",0.7220,0.6975
1051,"1051",0.4832,0.6354
1052,"1052",0.7728,0.4485
1053,"1053",0.3632,0.7517
1054,"1054",0.7010,0.1724
1055,"1055",0.7305,0.4737
1056,"1056",0.3203,0.2838
1057,"1057",0.4026,0.5549
1058,"1058",0.8290,0.7561
1059,"1059",0.5039,0.8206
1060,"1060",0.2092,0.3156
1061,"1061",0.7417,0.5891
1062,"1062",0.1935,0.2327
1063,"1063",0.4562,0.5547
1064,"1064",0.2259,0.5292
1065,"1065",0.2772,0.6934
1066,"1066",0.2544,0.4109
1067,"1067",0.3911,0.8338
1068,"1068",0.7410,0.2001
1069,"1069",0.7038,0.2059
1070,"1070",0.3603,0.8178
1071,"1071",0.6581,0.1582
1072,"1072",0.4378,0.5407
1073,"1073",0.8376,0.4029
1074,"1074",0.8392,0.8433
1075,"1075",0.2624,0.3337
1076,"1076",0.2122,0.3875
1077,"1077",0.2654,0.3279
1078,"1078",0.3540,0.5265
1079,"1079",0.7989,0.2209
1080,"1080",0.6378,0.3361
1081,"1081",0.4103,0.7188
1082,"1082",0.8320,0.6856
1083,"1083",0.7973,0.3857
1084,"1084",0.7004,0.6169
1085,"1085",0.2123,0.6255
1086,"1086",0.3544,0.2898
1087,"1087",0.7937,0.4379
1088,"1088",0.6041,0.4153
1089,"1089",0.4340,0.7236
1090,"1090",0.6251,0.1793
1091,"1091",0.2158,0.2669
1092,"1092",0.2427,0.7374
1093,"1093",0.4797,0.7204
1094,"1094",0.2982,0.5245
1095,"1095",0.7907,0.2698
1096,"1096",0.3426,0.3159
1097,"1097",0.3366,0.6550
1098,"1098",0.7833,0.4312
1099,"1099",0.3646,0.5735
1100,"1100",0.6718,0.6646
1101,"1101",0.6341,0.4925
1102,"1102",0.7111,0.3900
1103,"1103",0.2518,0.6498
1104,"1104",0.2187,0.6707
1105,"1105",0.8194,0.8117
1106,"1106",0.7752,0.5682
1107,"1107",0.1928,0.7261
1108,"1108",0.7429,0.3365
1109,"1109",0.3550,0.3856
1110,"1110",0.7377,0.5455
1111,"1111",0.5363,0.7881
1112,"1112",0.3873,0.3620
1113,"1113",0.8355,0.4587
1114,"1114",0.5052,0.4946
1115,"1115",0.4375,0.6768
1116,"1116",0.4679,0.3705
1117,"1117",0.6170,0.3137
1118,"1118",0.3743,0.3045
1119,"1119",0.4782,0.5797
1120,"1120",0.2245,0.6804
1121,"1121",0.1737,0.2354
1122,"1122",0.4444,0.8487
1123,"1123",0.6020,0.5151
1124,"1124",0.5461,0.6184
1125,"1125",0.6683,0.6674
1126,"1126",0.6001,0.3935
1127,"1127",0.3707,0.2102
1128,"1128",0.5600,0.3784
1129,"1129",0.6397,0.3604
1130,"1130",0.3618,0.1573
1131,"1131",0.8391,0.7743
1132,"1132",0.3942,0.8235
1133,"1133",0.6148,0.5193
1134,"1134",0.7069,0.8061
1135,"1135",0.3463,0.4623
1136,"1136",0.3059,0.5292
1137,"1137",0.2340,0.2376
1138,"1138",0.1555,0.3953
1139,"1139",0.3307,0.6371
1140,"1140",0.3790,0.5762
1141,"1141",0.4996,0.7319
1142,"1142",0.5316,0.7595
1143,"1143",0.1578,0.2206
1144,"1144",0.7912,0.2804
1145,"1145",0.6380,0.1636
1146,"1146",0.6846,0.6382
1147,"1147",0.5716,0.3427
1148,"1148",0.5480,0.6718
1149,"1149",0.7857,0.7623
1150,"1150",0.5874,0.7523
1151,"1151",0.3606,0.2802
1152,"1152",0.2892,0.3126
1153,"1153",0.6908,0.2333
1154,"1154",0.3985,0.5201
1155,"1155",0.2472,0.7931
1156,"1156",0.7604,0.2644
1157,"1157",0.7352,0.3691
1158,"1158",0.7949,0.4190
1159,"1159",0.6923,0.1509
1160,"1160",0.4531,0.6942
1161,"1161",0.3732,0.6460
1162,"1162",0.3711,0.1903
1163,"1163",0.6183,0.3578
1164,"1164",0.8187,0.3258
1165,"1165",0.2921,0.6194
1166,"1166",0.6126,0.5878
1167,"1167",0.5548,0.4650
1168,"1168",0.8437,0.8377
1169,"1169",0.5886,0.6116
1170,"1170",0.2297,0.2693
1171,"1171",0.3989,0.7827
1172,"1172",0.6001,0.7993
1173,"1173",0.5645,0.6931
1174,"1174",0.5696,0.4349
1175,"1175",0.1963,0.4819
1176,"1176",0.4614,0.1562
1177,"1177",0.8433,0.7576
1178,"1178",0.3875,0.4044
1179,"1179",0.4410,0.4933
1180,"1180",0.1874,0.5569
1181,"1181",0.8027,0.2908
1182,"1182",0.2955,0.2426
1183,"1183",0.4922,0.4961
1184,"1184",0.6796,0.8213
1185,"1185",0.4278,0.6344
1186,"1186",0.7740,0.6265
1187,"1187",0.7130,0.5038
1188,"1188",0.7015,0.1562
1189,"1189",0.2827,0.6402
1190,"1190",0.7533,0.6551
1191,"1191",0.6247,0.7423
1192,"1192",0.4728,0.7154
1193,"1193",0.2997,0.4223
1194,"1194",0.2660,0.6060
1195,"1195",0.7822,0.5214
1196,"1196",0.2291,0.3966
1197,"1197",0.1882,0.6006
1198,"1198",0.1673,0.5333
1199,"1199",0.6661,0.3016
1200,"1200",0.7507,0.3918
1201,"1201",0.7633,0.5376
1202,"1202",0.3214,0.3097
1203,"1203",0.2956,0.6534
1204,"1204",0.2590,0.1736
1205,"1205",0.5899,0.4710
1206,"1206",0.4597,0.4134
1207,"1207",0.6594,0.2090
1208,"1208",0.2866,0.2295
1209,"1209",0.5505,0.5382
1210,"1210",0.2068,0.6570
1211,"1211",0.1625,0.3127
1212,"1212",0.2092,0.6381
1213,"1213",0.2267,0.1953
1214,"1214",0.3761,0.3615
1215,"1215",0.3990,0.2583
1216,"1216",0.7522,0.3891
1217,"1217",0.8041,0.8308
1218,"1218",0.6316,0.6747
1219,"1219",0.2339,0.6259
1220,"1220",0.3605,0.2494
1221,"1221",0.4896,0.3693
1222,"1222",0.5210,0.6304
1223,"1223",0.6132,0.7089
1224,"1224",0.5446,0.7695
1225,"1225",0.6567,0.1756
1226,"1226",0.3769,0.2549
1227,"1227",0.4847,0.5368
1228,"1228",0.5865,0.3348
1229,"1229",0.2995,0.4460
1230,"1230",0.6867,0.2152
1231,"1231",0.6439,0.4913
1232,"1232",0.5215,0.2633
1233,"1233",0.5139,0.1956
1234,"1234",0.6296,0.8115
1235,"1235",0.7944,0.6150
1236,"1236",0.4851,0.8432
1237,"1237",0.7914,0.4424
1238,"1238",0.6856,0.3114
1239,"1239",0.3286,0.3150
1240,"1240",0.6300,0.2151
1241,"1241",0.4346,0.7797
1242,"1242",0.2103,0.3338
1243,"1243",0.7289,0.5609
1244,"1244",0.2105,0.3018
1245,"1245",0.1926,0.5462
1246,"1246",0.4811,0.7690
1247,"1247",0.4825,0.1735
1248,"1248",0.7388,0.1755
1249,"1249",0.6122,0.3893
1250,"1250",0.6083,0.3467
1251,"1251",0.7219,0.2122
1252,"1252",0.6042,0.6746
1253,"1253",0.6082,0.7211
1254,"1254",0.3191,0.7492
1255,"1255",0.5779,0.3508
1256,"1256",0.7689,0.6590
1257,"1257",0.4557,0.5673
1258,"1258",0.5089,0.2632
1259,"1259",0.4556,0.5510
1260,"1260",0.5248,0.3148
1261,"1261",0.7977,0.3133
1262,"1262",0.1589,0.7819
1263,"1263",0.6270,0.3274
1264,"1264",0.8256,0.2982
1265,"1265",0.4718,0.6410
1266,"1266",0.8280,0.8437
1267,"1267",0.7427,0.5083
1268,"1268",0.4815,0.2248
1269,"1269",0.1586,0.4590
1270,"1270",0.5051,0.6208
1271,"1271",0.2622,0.4873
1272,"1272",0.6290,0.7032
1273,"1273",0.6456,0.8303
1274,"1274",0.6408,0.6490
1275,"1275",0.5058,0.7719
1276,"1276",0.6638,0.5104
1277,"1277",0.6094,0.1883
1278,"1278",0.4374,0.6000
1279,"1279",0.6189,0.3231
1280,"1280",0.3459,0.8145
1281,"1281",0.2210,0.4531
1282,"1282",0.8155,0.1998
1283,"1283",0.7617,0.5915
1284,"1284",0.3730,0.3366
1285,"1285",0.7665,0.2340
1286,"1286",0.5436,0.1901
1287,"1287",0.6138,0.8439
1288,"1288",0.7210,0.3613
1289,"1289",0.2843,0.3327
1290,"1290",0.6420,0.5320
1291,"1291",0.1991,0.1858
1292,"1292",0.2542,0.6861
1293,"1293",0.6287,0.5358
1294,"1294",0.2496,0.7553
1295,"1295",0.2290,0.6794
1296,"1296",0.4066,0.5178
1297,"1297",0.7430,0.3025
1298,"1298",0.7654,0.3508
1299,"1299",0.5638,0.3489
1300,"1300",0.3268,0.8129
1301,"1301",0.6582,0.5473
1302,"1302",0.7521,0.6075
1303,"1303",0.2928,0.5883
1304,"1304",0.2967,0.3581
1305,"1305",0.8078,0.2132
1306,"1306",0.5153,0.1900
1307,"1307",0.8361,0.6552
1308,"1308",0.8161,0.3001
1309,"1309",0.1602,0.2427
1310,"1310",0.2470,0.5651
1311,"1311",0.1590,0.2631
1312,"1312",0.1557,0.3137
1313,"1313",0.1742,0.2389
1314,"1314",0.8393,0.2664
1315,"1315",0.5139,0.4665
1316,"1316",0.1832,0.4169
1317,"1317",0.5668,0.4230
1318,"1318",0.3647,0.4078
1319,"1319",0.2906,0.7375
1320,"1320",0.1512,0.7292
1321,"1321",0.2047,0.4834
1322,"1322",0.2311,0.4367
1323,"1323",0.7952,0.6389
1324,"1324",0.1596,0.5726
1325,"1325",0.3145,0.2208
1326,"1326",0.6981,0.2332
1327,"1327",0.6395,0.4905
1328,"1328",0.2843,0.4180
1329,"1329",0.2077,0.5859
1330,"1330",0.4657,0.1531
1331,"1331",0.1560,0.3277
1332,"1332",0.2749,0.3742
1333,"1333",0.2291,0.2089
1334,"1334",0.3340,0.4132
1335,"1335",0.4277,0.6558
1336,"1336",0.5215,0.8206
1337,"1337",0.7209,0.7280
1338,"1338",0.4270,0.5211
1339,"1339",0.4358,0.7955
1340,"1340",0.7899,0.2832
1341,"1341",0.5054,0.6047
1342,"1342",0.7876,0.8497
1343,"1343",0.7302,0.4252
1344,"1344",0.2250,0.3576
1345,"1345",0.4903,0.5395
1346,"1346",0.4411,0.7536
1347,"1347",0.3145,0.8158
1348,"1348",0.7266,0.1705
1349,"1349",0.4875,0.1766
1350,"1350",0.5289,0.2308
1351,"1351",0.7541,0.1566
1352,"1352",0.3859,0.6897
1353,"1353",0.4543,0.8054
1354,"1354",0.3070,0.2283
1355,"1355",0.6973,0.4814
1356,"1356",0.8014,0.6739
1357,"1357",0.5520,0.7521
1358,"1358",0.7184,0.1889
1359,"1359",0.4212,0.2798
1360,"1360",0.2529,0.3702
1361,"1361",0.7232,0.2701
1362,"1362",0.8286,0.5453
1363,"1363",0.2928,0.8107
1364,"1364",0.7546,0.3527
1365,"1365",0.4878,0.5209
1366,"1366",0.4351,0.3545
1367,"1367",0.8496,0.2020
1368,"1368",0.2658,0.4047
1369,"1369",0.3595,0.8474
1370,"1370",0.4434,0.5801
1371,"1371",0.2974,0.5520
1372,"1372",0.1821,0.5464
1373,"1373",0.6783,0.6444
1374,"1374",0.3101,0.4134
1375,"1375",0.6327,0.7156
1376,"1376",0.7856,0.7049
1377,"1377",0.6624,0.2215
1378,"1378",0.2576,0.6429
1379,"1379",0.6745,0.6921
1380,"1380",0.7683,0.4284
1381,"1381",0.4813,0.6596
1382,"1382",0.5564,0.7636
1383,"1383",0.5234,0.8024
1384,"1384",0.8251,0.7454
1385,"1385",0.7452,0.5591
1386,"1386",0.6749,0.3330
1387,"1387",0.6353,0.5607
1388,"1388",0.8134,0.4641
1389,"1389",0.8126,0.1864
1390,"1390",0.4002,0.3700
1391,"1391",0.4134,0.7415
1392,"1392",0.2815,0.2205
1393,"1393",0.8193,0.4107
1394,"1394",0.8272,0.5964
1395,"1395",0.5220,0.2376
1396,"1396",0.2685,0.2661
1397,"1397",0.4239,0.6345
1398,"1398",0.3131,0.2228
1399,"1399",0.5153,0.3152
1400,"1400",0.7685,0.4011
1401,"1401",0.5740,0.6198
1402,"1402",0.8075,0.1803
1403,"1403",0.1878,0.1592
1404,"1404",0.1660,0.6514
1405,"1405",0.5879,0.6072
1406,"1406",0.7428,0.4922
1407,"1407",0.4430,0.5154
1408,"1408",0.8437,0.5888
1409,"1409",0.3588,0.4278
1410,"1410",0.4005,0.4918
1411,"1411",0.1785,0.7241
1412,"1412",0.6497,0.7960
1413,"1413",0.6762,0.4104
1414,"1414",0.8435,0.4844
1415,"1415",0.3940,0.3486
1416,"1416",0.3437,0.1734
1417,"1417",0.2640,0.5813
1418,"1418",0.6144,0.6515
1419,"1419",0.8137,0.4986
1420,"1420",0.4057,0.2927
1421,"1421",0.7425,0.2576
1422,"1422",0.7087,0.6993
1423,"1423",0.2298,0.6439
1424,"1424",0.5146,0.6905
1425,"1425",0.6021,0.8372
1426,"1426",0.3103,0.2512
1427,"1427",0.5668,0.7254
1428,"1428",0.2963,0.5078
1429,"1429",0.6031,0.5764
1430,"1430",0.8018,0.6851
1431,"1431",0.6583,0.1575
1432,"1432",0.6414,0.1743
1433,"1433",0.2882,0.2691
1434,"1434",0.5363,0.7109
1435,"1435",0.7492,0.7272
1436,"1436",0.6888,0.3348
1437,"1437",0.3183,0.2135
1438,"1438",0.6868,0.3960
1439,"1439",0.2125,0.7815
1440,"1440",0.2809,0.8184
1441,"1441",0.8237,0.3753
1442,"1442",0.4558,0.3325
1443,"1443",0.3882,0.3146
1444,"1444",0.1868,0.3534
1445,"1445",0.6747,0.2437
1446,"1446",0.5603,0.8481
1447,"1447",0.6360,0.8465
1448,"1448",0.7933,0.5270
1449,"1449",0.4738,0.4826
1450,"1450",0.2808,0.5595
1451,"1451",0.2112,0.7924
1452,"1452",0.6639,0.6843
1453,"1453",0.1632,0.7736
1454,"1454",0.6827,0.5740
1455,"1455",0.3593,0.3309
1456,"1456",0.5710,0.5757
1457,"1457",0.3528,0.1536
1458,"1458",0.7029,0.3296
1459,"1459",0.3250,0.3637
1460,"1460",0.3912,0.2452
1461,"1461",0.3652,0.5484
1462,"1462",0.8089,0.4821
1463,"1463",0.5854,0.4669
1464,"1464",0.7734,0.6649
1465,"1465",0.7028,0.1938
1466,"1466",0.2229,0.2341
1467,"1467",0.6976,0.7397
1468,"1468",0.4722,0.2087
1469,"1469",0.8294,0.7594
1470,"1470",0.3193,0.3100
1471,"1471",0.1676,0.5446
1472,"1472",0.5548,0.2768
1473,"1473",0.6747,0.1563
1474,"1474",0.1847,0.3722
1475,"1475",0.2386,0.4424
1476,"1476",0.7716,0.4568
1477,"1477",0.2544,0.4486
1478,"1478",0.4532,0.6828
1479,"1479",0.2939,0.3201
1480,"1480",0.6984,0.7330
1481,"1481",0.2112,0.7494
1482,"1482",0.7049,0.3078
1483,"1483",0.7836,0.7136
1484,"1484",0.7473,0.2375
1485,"1485",0.4723,0.3165
1486,"1486",0.2369,0.2673
1487,"1487",0.7658,0.3218
1488,"1488",0.2449,0.2474
1489,"1489",0.5276,0.6412
1490,"1490",0.8031,0.4261
1491,"1491",0.5705,0.2188
1492,"1492",0.2817,0.2220
1493,"1493",0.6263,0.2269
1494,"1494",0.8179,0.6308
1495,"1495",0.4795,0.7557
1496,"1496",0.8270,0.1867
1497,"1497",0.3914,0.2676
1498,"1498",0.6354,0.4892
1499,"1499",0.3252,0.2562
1500,"1500",0.5140,0.3601
1501,"1501",0.4541,0.2142
1502,"1502",0.6930,0.5948
1503,"1503",0.7099,0.4114
1504,"1504",0.4965,0.8239
1505,"1505",0.8059,0.7387
1506,"1506",0.2243,0.2928
1507,"1507",0.2407,0.1601
1508,"1508",0.4690,0.5366
1509,"1509",0.7692,0.7893
1510,"1510",0.7430,0.3930
1511,"1511",0.6887,0.4704
1512,"1512",0.1596,0.5938
1513,"1513",0.5890,0.6423
1514,"1514",0.2909,0.3227
1515,"1515",0.4588,0.4093
1516,"1516",0.6907,0.5273
1517,"1517",0.4405,0.4449
1518,"1518",0.1611,0.2269
1519,"1519",0.1871,0.6102
1520,"1520",0.2059,0.2523
1521,"1521",0.3570,0.5535
1522,"1522",0.2845,0.3102
1523,"1523",0.1505,0.8318
1524,"1524",0.5718,0.6563
1525,"1525",0.3760,0.1640
1526,"1526",0.7871,0.2223
1527,"1527",0.6982,0.7113
1528,"1528",0.6403,0.7310
1529,"1529",0.2043,0.5390
1530,"1530",0.6157,0.5893
1531,"1531",0.7996,0.2116
1532,"1532",0.5867,0.3505
1533,"1533",0.5023,0.2241
1534,"1534",0.2340,0.3852
1535,"1535",0.3146,0.4633
1536,"1536",0.5130,0.2919
1537,"1537",0.1849,0.4638
1538,"1538",0.6858,0.6519
1539,"1539",0.3801,0.7968
1540,"1540",0.3208,0.1980
1541,"1541",0.2455,0.5045
1542,"1542",0.4250,0.5579
1543,"1543",0.5143,0.3721
1544,"1544",0.1530,0.7871
1545,"1545",0.7939,0.2974
1546,"1546",0.4198,0.5050
1547,"1547",0.8423,0.2016
1548,"1548",0.7042,0.5027
1549,"1549",0.4146,0.7918
1550,"1550",0.7203,0.3758
1551,"1551",0.3381,0.6649
1552,"1552",0.5985,0.6115
1553,"1553",0.6475,0.4208
1554,"1554",0.3970,0.6269
1555,"1555",0.1889,0.8177
1556,"1556",0.6398,0.5406
1557,"1557",0.1801,0.3862
1558,"1558",0.8500,0.6239
1559,"1559",0.3734,0.1963
1560,"1560",0.2261,0.2614
1561,"1561",0.4665,0.5312
1562,"1562",0.5818,0.5226
1563,"1563",0.6618,0.3154
1564,"1564",0.6373,0.6170
1565,"1565",0.3576,0.5096
1566,"1566",0.3452,0.3917
1567,"1567",0.4338,0.2565
1568,"1568",0.4859,0.1905
1569,"1569",0.7566,0.6495
1570,"1570",0.4552,0.7810
1571,"1571",0.8175,0.3546
1572,"1572",0.8435,0.6223
1573,"1573",0.3873,0.4088
1574,"1574",0.7708,0.5311
1575,"1575",0.7415,0.6755
1576,"1576",0.4290,0.7652
1577,"1577",0.1877,0.7264
1578,"1578",0.5465,0.2301
1579,"1579",0.2124,0.5878
1580,"1580",0.4724,0.6881
1581,"1581",0.2161,0.4643
1582,"1582",0.2528,0.8116
1583,"1583",0.3071,0.8298
1584,"1584",0.3411,0.8209
1585,"1585",0.2792,0.2478
1586,"1586",0.4639,0.7955
1587,"1587",0.5839,0.3671
1588,"1588",0.7393,0.4432
1589,"1589",0.7792,0.3951
1590,"1590",0.6145,0.5763
1591,"1591",0.2132,0.6490
1592,"1592",0.4731,0.4189
1593,"1593",0.2771,0.6429
1594,"1594",0.4263,0.4525
1595,"1595",0.7291,0.4518
1596,"1596",0.7885,0.3710
1597,"1597",0.2795,0.2654
1598,"1598",0.5034,0.7997
1599,"1599",0.5937,0.2225
1600,"1600",0.4720,0.8035
1601,"1601",0.4380,0.6880
1602,"1602",0.6944,0.1872
1603,"1603",0.4879,0.5126
1604,"1604",0.6271,0.3643
1605,"1605",0.2719,0.7915
1606,"1606",0.4252,0.5419
1607,"1607",0.4147,0.8055
1608,"1608",0.2124,0.1553
1609,"1609",0.4087,0.3143
1610,"1610",0.3009,0.4496
1611,"1611",0.5247,0.8395
1612,"1612",0.5556,0.3825
1613,"1613",0.5420,0.8463
1614,"1614",0.7745,0.4065
1615,"1615",0.7583,0.2232
1616,"1616",0.6287,0.5515
1617,"1617",0.4089,0.2144
1618,"1618",0.6844,0.4103
1619,"1619",0.7082,0.5466
1620,"1620",0.5988,0.4073
1621,"1621",0.2876,0.5674
1622,"1622",0.5643,0.3963
1623,"1623",0.4003,0.1811
1624,"1624",0.3436,0.2178
1625,"1625",0.3112,0.7478
1626,"1626",0.2170,0.7178
1627,"1627",0.5933,0.6804
1628,"1628",0.6373,0.3996
1629,"1629",0.7021,0.2625
1630,"1630",0.3603,0.5690
1631,"1631",0.4953,0.2676
1632,"1632",0.7032,0.4887
1633,"1633",0.8236,0.8466
1634,"1634",0.6395,0.6535
1635,"1635",0.6027,0.3235
1636,"1636",0.5384,0.2549
1637,"1637",0.5524,0.7163
1638,"1638",0.3098,0.2940
1639,"1639",0.1544,0.3619
1640,"1640",0.3045,0.1604
1641,"1641",0.4685,0.4229
1642,"1642",0.1885,0.1887
1643,"1643",0.4077,0.4032
1644,"1644",0.2881,0.4606
1645,"1645",0.1630,0.6950
1646,"1646",0.2736,0.3090
1647,"1647",0.4295,0.2399
1648,"1648",0.7301,0.3498
1649,"1649",0.2671,0.6755
1650,"1650",0.7322,0.6417
1651,"1651",0.8100,0.4963
1652,"1652",0.8224,0.6511
1653,"1653",0.4967,0.7547
1654,"1654",0.6577,0.5755
1655,"1655",0.5918,0.5810
1656,"1656",0.3759,0.2484
1657,"1657",0.7187,0.1938
1658,"1658",0.1966,0.4312
1659,"1659",0.7214,0.5354
1660,"1660",0.6563,0.2645
1661,"1661",0.8342,0.7464
1662,"1662",0.4434,0.2350
1663,"1663",0.7151,0.4732
1664,"1664",0.1856,0.5805
1665,"1665",0.1808,0.1670
1666,"1666",0.4019,0.6362
1667,"1667",0.4472,0.4158
1668,"1668",0.2183,0.6000
1669,"1669",0.6564,0.8227
1670,"1670",0.8205,0.3667
1671,"1671",0.7560,0.5205
1672,"1672",0.2802,0.7580
1673,"1673",0.2541,0.4880
1674,"1674",0.1895,0.7491
1675,"1675",0.7665,0.3017
1676,"1676",0.5805,0.5718
1677,"1677",0.8271,0.3434
1678,"1678",0.4157,0.4416
1679,"1679",0.3352,0.3483
1680,"1680",0.7897,0.2370
1681,"1681",0.6602,0.7606
1682,"1682",0.4561,0.7339
1683,"1683",0.6124,0.2318
1684,"1684",0.7882,0.1671
1685,"1685",0.5713,0.2833
1686,"1686",0.3276,0.3801
1687,"1687",0.6203,0.3107
1688,"1688",0.5829,0.5757
1689,"1689",0.4234,0.6056
1690,"1690",0.7831,0.2816
1691,"1691",0.3550,0.4265
1692,"1692",0.7930,0.4028
1693,"1693",0.7597,0.7369
1694,"1694",0.7546,0.5085
1695,"1695",0.6041,0.3954
1696,"1696",0.2017,0.4874
1697,"1697",0.4543,0.6677
1698,"1698",0.2683,0.1674
1699,"1699",0.1819,0.1925
1700,"1700",0.1832,0.4795
1701,"1701",0.1864,0.5244
1702,"1702",0.4271,0.8141
1703,"1703",0.3883,0.5309
1704,"1704",0.5906,0.6999
1705,"1705",0.5284,0.8208
1706,"1706",0.4591,0.8058
1707,"1707",0.5797,0.3316
1708,"1708",0.4169,0.5400
1709,"1709",0.2540,0.2997
1710,"1710",0.2399,0.2018
1711,"1711",0.2641,0.1922
1712,"1712",0.4263,0.4095
1713,"1713",0.4685,0.4743
1714,"1714",0.5805,0.8065
1715,"1715",0.7138,0.6446
1716,"1716",0.7500,0.2240
1717,"1717",0.5518,0.7559
1718,"1718",0.5829,0.6522
1719,"1719",0.4932,0.8083
1720,"1720",0.4525,0.7393
1721,"1721",0.6261,0.2805
1722,"1722",0.4682,0.4324
1723,"1723",0.3114,0.2381
1724,"1724",0.4692,0.7261
1725,"1725",0.7380,0.8299
1726,"1726",0.7708,0.1739
1727,"1727",0.3886,0.4658
1728,"1728",0.8084,0.4930
1729,"1729",0.2616,0.3398
1730,"1730",0.7005,0.1547
1731,"1731",0.8434,0.6324
1732,"1732",0.4243,0.5495
1733,"1733",0.3210,0.8113
1734,"1734",0.5764,0.4646
1735,"1735",0.1971,0.5184
1736,"1736",0.4604,0.3136
1737,"1737",0.8282,0.5067
1738,"1738",0.6274,0.6099
1739,"1739",0.4021,0.4651
1740,"1740",0.3576,0.3647
1741,"1741",0.5420,0.5469
1742,"1742",0.3611,0.5630
1743,"1743",0.1798,0.2906
1744,"1744",0.8352,0.5382
1745,"1745",0.8486,0.6970
1746,"1746",0.6040,0.4540
1747,"1747",0.4870,0.6997
1748,"1748",0.4363,0.1646
1749,"1749",0.6537,0.4479
1750,"1750",0.5063,0.3074
1751,"1751",0.3931,0.1855
1752,"1752",0.3477,0.4541
1753,"1753",0.6007,0.4930
1754,"1754",0.7206,0.5217
1755,"1755",0.1823,0.7301
1756,"1756",0.6830,0.6211
1757,"1757",0.5030,0.3953
1758,"1758",0.8442,0.2922
1759,"1759",0.4703,0.5906
1760,"1760",0.8366,0.3561
1761,"1761",0.4969,0.1511
1762,"1762",0.2337,0.2802
1763,"1763",0.8412,0.7881
1764,"1764",0.4072,0.2401
1765,"1765",0.3126,0.7470
1766,"1766",0.7889,0.4227
1767,"1767",0.8030,0.7831
1768,"1768",0.6907,0.8023
1769,"1769",0.1649,0.2073
1770,"1770",0.4992,0.5876
1771,"1771",0.2631,0.8490
1772,"1772",0.4374,0.2203
1773,"1773",0.4617,0.5426
1774,"1774",0.1683,0.5723
1775,"1775",0.2213,0.6374
1776,"1776",0.5845,0.4692
1777,"1777",0.3306,0.3828
1778,"1778",0.2002,0.8467
1779,"1779",0.1803,0.2377
1780,"1780",0.4510,0.2069
1781,"1781",0.5670,0.6119
1782,"1782",0.7567,0.5382
1783,"1783",0.6780,0.2310
1784,"1784",0.8070,0.3103
1785,"1785",0.4972,0.5912
1786,"1786",0.3821,0.3629
1787,"1787",0.4348,0.7363
1788,"1788",0.5062,0.3496
1789,"1789",0.6641,0.3792
1790,"1790",0.8017,0.6985
1791,"1791",0.7253,0.1510
1792,"1792",0.6933,0.7106
1793,"1793",0.8282,0.5443
1794,"1794",0.3806,0.4009
1795,"1795",0.1608,0.5878
1796,"1796",0.4734,0.5575
1797,"1797",0.2891,0.2705
1798,"1798",0.7602,0.5675
1799,"1799",0.1995,0.3997
1800,"1800",0.1563,0.7426
1801,"1801",0.5273,0.7589
1802,"1802",0.7553,0.6396
1803,"1803",0.3673,0.4049
1804,"1804",0.1659,0.4562
1805,"1805",0.3600,0.6198
1806,"1806",0.6269,0.1524
1807,"1807",0.7025,0.7011
1808,"1808",0.5190,0.2237
1809,"1809",0.4214,0.7622
1810,"1810",0.6191,0.5283
1811,"1811",0.2171,0.6751
1812,"1812",0.1724,0.7444
1813,"1813",0.1570,0.5741
1814,"1814",0.7668,0.6104
1815,"1815",0.4795,0.8071
1816,"1816",0.4423,0.3728
1817,"1817",0.6405,0.7987
1818,"1818",0.5712,0.6447
1819,"1819",0.3104,0.6665
1820,"1820",0.5866,0.3486
1821,"1821",0.6051,0.5016
1822,"1822",0.6454,0.7026
1823,"1823",0.5043,0.8041
1824,"1824",0.2601,0.2645
1825,"1825",0.3986,0.7361
1826,"1826",0.7272,0.5489
1827,"1827",0.3640,0.8352
1828,"1828",0.4388,0.5817
1829,"1829",0.5534,0.1965
1830,"1830",0.3609,0.2524
1831,"1831",0.7583,0.7191
1832,"1832",0.7090,0.2871
1833,"1833",0.5765,0.3717
1834,"1834",0.1500,0.8418
1835,"1835",0.3938,0.3303
1836,"1836",0.6288,0.1964
1837,"1837",0.7588,0.5863
1838,"1838",0.7756,0.8020
1839,"1839",0.7117,0.8258
1840,"1840",0.2577,0.6985
1841,"1841",0.7017,0.4392
1842,"1842",0.4835,0.3190
1843,"1843",0.4956,0.8021
1844,"1844",0.5547,0.2442
1845,"1845",0.1646,0.5363
1846,"1846",0.8453,0.6658
1847,"1847",0.5059,0.5508
1848,"1848",0.8429,0.1815
1849,"1849",0.8302,0.8139
1850,"1850",0.4799,0.8301
1851,"1851",0.6265,0.4050
1852,"1852",0.3461,0.5301
1853,"1853",0.5852,0.6581
1854,"1854",0.5525,0.4900
1855,"1855",0.7344,0.1800
1856,"1856",0.2944,0.7024
1857,"1857",0.6273,0.8189
1858,"1858",0.3343,0.2311
1859,"1859",0.3858,0.4079
1860,"1860",0.2945,0.2683
1861,"1861",0.1829,0.8144
1862,"1862",0.3375,0.4072
1863,"1863",0.8232,0.4655
1864,"1864",0.1726,0.4637
1865,"1865",0.5500,0.2324
1866,"1866",0.4146,0.7450
1867,"1867",0.1969,0.5972
1868,"1868",0.2847,0.8408
1869,"1869",0.2536,0.4251
1870,"1870",0.5290,0.6927
1871,"1871",0.2124,0.8303
1872,"1872",0.2952,0.1638
1873,"1873",0.2269,0.2942
1874,"1874",0.6930,0.5135
1875,"1875",0.3884,0.2840
1876,"1876",0.6259,0.1503
1877,"1877",0.8052,0.1749
1878,"1878",0.7752,0.3206
1879,"1879",0.2391,0.3751
1880,"1880",0.2703,0.1514
1881,"1881",0.3404,0.5102
1882,"1882",0.1761,0.5575
1883,"1883",0.2743,0.7118
1884,"1884",0.7827,0.2804
1885,"1885",0.3383,0.2187
1886,"1886",0.1747,0.4211
1887,"1887",0.4161,0.2862
1888,"1888",0.3275,0.3822
1889,"1889",0.3071,0.3596
1890,"1890",0.5393,0.5302
1891,"1891",0.7371,0.4598
1892,"1892",0.2068,0.4483
1893,"1893",0.5313,0.4873
1894,"1894",0.2103,0.7355
1895,"1895",0.3143,0.6397
1896,"1896",0.7492,0.3745
1897,"1897",0.1598,0.3019
1898,"1898",0.6538,0.7751
1899,"1899",0.5066,0.6523